Codigo_estudiante,Nota_Aritmetica,Nota_Algebra,Nota_Geometria_Plana,Nota_Trigonometria,Nota_Progresiones,Calificacion_Diagnostico,Criterio_Diagnostico,Calificacion_Calculo,Criterio_Calculo
STU0001,77.45,90.99,59.87,41.38,57.05,65.35,Regular,63.23,Satisfactorio
STU0002,67.93,83.87,67.83,57.09,69.53,69.25,Regular,66.98,Satisfactorio
STU0003,79.72,70.89,58.11,63.8,70.27,68.56,Regular,59.58,Bajo
STU0004,92.85,60.3,65.38,98.32,77.09,78.79,Bueno,77.14,Regular
STU0005,66.49,80.47,41.6,78.35,49.5,63.28,Bajo,66.95,Satisfactorio
STU0006,66.49,75.9,73.2,49.97,78.89,68.89,Regular,62.52,Satisfactorio
STU0007,93.69,83.43,70.02,77.29,29.43,70.77,Regular,76.01,Regular
STU0008,81.51,79.53,57.74,46.79,60.55,65.22,Regular,67.66,Satisfactorio
STU0009,62.96,85.74,79.89,86.24,62.68,75.5,Bueno,71.83,Regular
STU0010,78.14,61.97,84.06,62.93,79.5,73.32,Regular,72.61,Regular
STU0011,63.05,89.76,45.89,68.6,70.34,67.53,Regular,75.52,Regular
STU0012,63.01,72.96,58.56,89.89,48.92,66.67,Regular,70.34,Regular
STU0013,73.63,100,58.46,50.69,55.23,67.6,Regular,67.65,Satisfactorio
STU0014,41.3,59.66,55.9,49.04,72.98,55.78,Bajo,54.59,Bajo
STU0015,44.13,96.04,82.44,61.25,68.81,70.53,Regular,70.92,Regular
STU0016,61.57,72.97,67.09,85.58,61.31,69.7,Regular,67.15,Satisfactorio
STU0017,54.81,60.23,66.03,47.21,62.79,58.21,Bajo,47.69,Insuficiente
STU0018,74.71,62.74,39.94,27.52,80.44,57.07,Bajo,67.28,Satisfactorio
STU0019,56.38,65.19,79.53,63.23,62.23,65.31,Regular,66.09,Satisfactorio
STU0020,48.82,76.36,51.41,78.28,68.68,64.71,Bajo,66.7,Satisfactorio
STU0021,91.98,77.84,70.9,88,100,85.74,Bueno,85.45,Bueno
STU0022,66.61,61.39,74.16,63.05,48.64,62.77,Bajo,59.09,Bajo
STU0023,71.01,69.63,90.41,63.83,42.22,67.42,Regular,66.49,Satisfactorio
STU0024,48.63,100,50.37,87.31,81.75,73.61,Regular,65.62,Satisfactorio
STU0025,61.83,95.91,24.71,41.95,59.82,56.84,Bajo,68.23,Satisfactorio
STU0026,71.66,76.54,72.76,64.17,65.23,70.07,Regular,63.9,Satisfactorio
STU0027,52.74,70.57,97.01,72.86,58.28,70.29,Regular,65.13,Satisfactorio
STU0028,75.64,71.8,88.58,76.74,66.1,75.77,Bueno,73.57,Regular
STU0029,60.99,79.2,73.14,62.35,93.98,73.93,Regular,80.37,Bueno
STU0030,65.62,54.66,62.63,70.52,82.03,67.09,Regular,67.16,Satisfactorio
STU0031,60.97,66.14,82.11,32.68,82.93,64.97,Bajo,58.79,Bajo
STU0032,97.78,44.97,55.4,60.13,48.76,61.41,Bajo,67.68,Satisfactorio
STU0033,69.8,75.99,77.15,76.8,52.73,70.49,Regular,74.15,Regular
STU0034,54.13,79.71,77.58,55.27,27.41,58.82,Bajo,61.51,Satisfactorio
STU0035,82.34,62.75,85.9,70.88,57.86,71.95,Regular,75.52,Regular
STU0036,51.69,93.61,100,76.7,84.35,81.27,Bueno,93.24,Excelente
STU0037,73.13,51.61,75.89,64.86,77.75,68.65,Regular,79.57,Regular
STU0038,40.6,48.03,62.37,72.56,66.68,58.05,Bajo,54.61,Bajo
STU0039,50.08,73.37,69.62,55.56,69.67,63.66,Bajo,71.78,Regular
STU0040,72.95,85.71,43.46,66.9,59.67,65.74,Regular,67.65,Satisfactorio
STU0041,81.08,95.26,59.58,79.15,73.07,77.63,Bueno,80.12,Bueno
STU0042,72.57,63.12,63.86,72.35,81.49,70.68,Regular,62.22,Satisfactorio
STU0043,68.27,86.18,62.14,61.2,45.76,64.71,Bajo,63.86,Satisfactorio
STU0044,65.48,69.42,72.29,73.36,74.49,71.01,Regular,66.94,Satisfactorio
STU0045,47.82,67.41,57.66,80.72,83.99,67.52,Regular,71.66,Regular
STU0046,59.2,83.25,86.82,39.25,63.77,66.46,Regular,71.81,Regular
STU0047,63.09,79.78,70,87.39,80.51,76.15,Bueno,65.78,Satisfactorio
STU0048,85.86,46.35,69.86,64.96,100,73.41,Regular,73.3,Regular
STU0049,75.15,92.15,65.08,76.38,68.43,75.44,Bueno,81.05,Bueno
STU0050,43.55,90.7,72.33,87.96,75.9,74.09,Regular,73.15,Regular
STU0051,74.86,60.62,82.38,49.42,58.93,65.24,Regular,68.89,Satisfactorio
STU0052,64.22,75.94,56.99,59.36,72.72,65.85,Regular,67.6,Satisfactorio
STU0053,59.85,77.41,60.13,65.67,76.9,67.99,Regular,69.7,Satisfactorio
STU0054,79.18,73.91,65.44,58.24,72.92,69.94,Regular,68.58,Satisfactorio
STU0055,85.46,61.75,49.81,96.02,54.7,69.55,Regular,63.47,Satisfactorio
STU0056,83.97,59.93,57.71,57.15,73.1,66.37,Regular,60.76,Satisfactorio
STU0057,57.41,69.62,62.86,61.67,91.93,68.7,Regular,72.24,Regular
STU0058,65.36,87.59,83.12,73.07,76.73,77.17,Bueno,77.27,Regular
STU0059,74.97,78.15,73.94,51.97,84.43,72.69,Regular,72,Regular
STU0060,84.63,64.44,72.9,64.06,66.44,70.49,Regular,68.37,Satisfactorio
STU0061,62.81,81.58,82.76,74.76,81.25,76.63,Bueno,75.11,Regular
STU0062,67.22,27.27,67.94,65.01,74.19,60.33,Bajo,65.56,Satisfactorio
STU0063,53.4,87.23,75.86,68.6,55.74,68.17,Regular,66.49,Satisfactorio
STU0064,52.06,43.9,68.45,62.06,74.78,60.25,Bajo,53.54,Bajo
STU0065,82.19,64.56,73.98,47.28,55.12,64.63,Bajo,68.34,Satisfactorio
STU0066,90.34,53.2,61.26,74.82,60.51,68.03,Regular,67,Satisfactorio
STU0067,68.92,50.58,33.42,96.32,72.84,64.42,Bajo,64.57,Satisfactorio
STU0068,85.05,87.41,67.99,70.28,74.46,77.04,Bueno,85.08,Bueno
STU0069,75.42,62.98,91.34,73.38,52.16,71.06,Regular,70.95,Regular
STU0070,60.32,75.2,83.89,80.39,85.81,77.12,Bueno,78.57,Regular
STU0071,75.42,69.3,84.48,50.96,78.58,71.75,Regular,65.85,Satisfactorio
STU0072,93.07,77.16,88.54,95.54,59.43,82.75,Bueno,81.65,Bueno
STU0073,69.46,71.15,71.33,73.03,46.94,66.38,Regular,69.43,Satisfactorio
STU0074,93.47,50.76,72.96,94.48,67.83,75.9,Bueno,68.12,Satisfactorio
STU0075,30.7,84.94,60.74,59,63.31,59.74,Bajo,60.74,Satisfactorio
STU0076,82.33,62.59,65.26,97.27,71.7,75.83,Bueno,76.33,Regular
STU0077,71.31,46.65,79.24,81.63,64.55,68.68,Regular,68.88,Satisfactorio
STU0078,65.51,63.58,88.06,78.3,39.89,67.07,Regular,72.25,Regular
STU0079,71.38,92.51,67.91,73.51,64.17,73.9,Regular,75.57,Regular
STU0080,40.19,82.75,63.25,66.27,65.42,63.58,Bajo,70.97,Regular
STU0081,66.7,64.77,70.01,88.01,79.5,73.8,Regular,68.83,Satisfactorio
STU0082,75.36,64.76,79.02,72.11,59.53,70.16,Regular,70.84,Regular
STU0083,92.17,65.18,48.34,40.49,95.18,68.27,Regular,68.69,Satisfactorio
STU0084,62.23,100,35.56,53.24,41.33,58.47,Bajo,53.13,Bajo
STU0085,57.87,75.73,61.74,67.21,89.67,70.44,Regular,75.23,Regular
STU0086,62.47,76.45,51.69,74.65,66.64,66.38,Regular,78,Regular
STU0087,83.73,85.45,62.38,69.15,82.89,76.72,Bueno,76.63,Regular
STU0088,74.93,73.58,67.78,88.28,71.2,75.15,Bueno,77.68,Regular
STU0089,62.05,66.11,63.2,40.73,87.09,63.84,Bajo,64.26,Satisfactorio
STU0090,77.7,67.05,91.79,72.15,64.19,74.58,Regular,71.01,Regular
STU0091,71.46,68.93,74.9,42.73,53.52,62.31,Bajo,53.2,Bajo
STU0092,84.53,69.44,74.51,81.4,91.31,80.24,Bueno,76.71,Regular
STU0093,59.47,80.91,79.33,68.58,68.3,71.32,Regular,64.36,Satisfactorio
STU0094,65.09,70.78,52.92,76.29,73.32,67.68,Regular,76.2,Regular
STU0095,64.12,80.99,85.59,57.04,88.52,75.25,Bueno,74.68,Regular
STU0096,48.05,68.79,68.86,89.19,54.52,65.88,Regular,64.15,Satisfactorio
STU0097,74.44,71.18,80.06,85.63,78.93,78.05,Bueno,82.49,Bueno
STU0098,73.92,40.03,53.92,78.75,61.15,61.55,Bajo,55.95,Bajo
STU0099,70.08,83.74,46.69,68.06,68.02,67.32,Regular,63.48,Satisfactorio
STU0100,66.48,75.2,82.27,78.7,71.08,74.75,Regular,75.09,Regular
STU0101,48.77,84.97,75.65,59.4,47.5,63.26,Bajo,68.4,Satisfactorio
STU0102,63.69,26.56,56.47,82.83,58.32,57.57,Bajo,60.08,
STU0103,64.86,100,56.96,94.74,90.27,81.37,Bueno,82.61,Bueno
STU0104,57.97,67.91,86.88,86.06,83.29,76.42,Bueno,76.81,Regular
STU0105,67.58,86.62,52.16,59.06,69.06,66.9,Regular,68.9,Satisfactorio
STU0106,76.06,54.4,94.64,75.42,73.65,74.83,Regular,75.84,Regular
STU0107,98.29,79.19,56.49,50.6,65.59,70.03,Regular,64.88,Satisfactorio
STU0108,72.62,54.2,79.58,78.59,90.35,75.07,Bueno,75.3,Regular
STU0109,73.86,60.64,65.07,76.76,66.99,68.66,Regular,63.3,Satisfactorio
STU0110,68.88,98.71,79.05,41.95,73.48,72.41,Regular,72.82,Regular
STU0111,41.22,67.14,61.84,52.57,87.19,61.99,Bajo,59.59,Bajo
STU0112,69.6,73.26,67.56,65.75,58.34,66.9,Regular,79.6,Regular
STU0113,70.9,83.05,70.61,65.49,93.38,76.69,Bueno,76.49,Regular
STU0114,100,77.44,54.97,51.86,47.04,66.26,Regular,59.24,Bajo
STU0115,67.11,72.26,81.11,75.83,94.44,78.15,Bueno,77.48,Regular
STU0116,74.52,75.47,62.3,73.77,64.41,70.09,Regular,72.69,Regular
STU0117,69.48,100,66.57,67.09,66.36,73.9,Regular,82.27,Bueno
STU0118,52.47,69.14,55.08,58.66,41.65,55.4,Bajo,52.45,Bajo
STU0119,87.14,73.02,31.56,85.73,63.18,68.13,Regular,60.21,Satisfactorio
STU0120,81.28,85.76,67.13,94.83,54.4,76.68,Bueno,80.76,Bueno
STU0121,81.87,86.58,100,62.75,60.89,78.42,Bueno,71.52,Regular
STU0122,56.36,87.81,81.77,60.82,67.94,70.94,Regular,68.76,Satisfactorio
STU0123,91.04,79.58,69.71,77.37,84.37,80.41,Bueno,79.13,Regular
STU0124,48.97,52.85,66.06,64.63,73.11,61.12,Bajo,60.78,Satisfactorio
STU0125,78.8,94.5,70.34,67.91,74.62,77.23,Bueno,80.68,Bueno
STU0126,100,52.8,78.21,81.09,53.57,73.13,Regular,69.72,Satisfactorio
STU0127,55.14,74.54,52.29,41.36,56.79,56.02,Bajo,54.66,Bajo
STU0128,61.51,58.69,86.71,89.77,96.98,78.73,Bueno,78.66,Regular
STU0129,71.49,69.04,80.73,71.09,58.97,70.26,Regular,71.01,Regular
STU0130,62.45,74.93,80.77,63.83,94.84,75.36,Bueno,75.85,Regular
STU0131,46.74,74.82,76.58,68.66,66.35,66.63,Regular,68.81,Satisfactorio
STU0132,71.03,76.33,70.29,69.44,70.03,71.42,Regular,75.64,Regular
STU0133,54.07,94.21,80.09,44.03,86.06,71.69,Regular,73.66,Regular
STU0134,77.1,76.8,78.88,92.42,89.08,82.86,Bueno,85.12,Bueno
STU0135,56.21,66.34,64.69,70.62,68.34,65.24,Regular,57.33,Bajo
STU0136,93.25,84.46,61.4,76.65,64.18,75.99,Bueno,76.24,Regular
STU0137,58.25,87.84,71.53,84.27,69.16,74.21,Regular,76.61,Regular
STU0138,65.17,51.59,93.24,54.68,75.07,67.95,Regular,71.59,Regular
STU0139,82.2,78.96,51.41,77.1,83.37,74.61,Regular,71.15,Regular
STU0140,51.54,80.52,47.99,65.99,70.06,63.22,Bajo,59.92,Bajo
STU0141,73.41,65.54,72.47,82.7,79.28,74.68,Regular,71.81,Regular
STU0142,89.61,90.64,70.76,38.09,94.58,76.74,Bueno,79.42,Regular
STU0143,45.89,67.75,72.6,68.51,75.72,66.09,Regular,71.26,Regular
STU0144,72.77,71.88,73.66,60.96,74.67,70.79,Regular,68.75,Satisfactorio
STU0145,73.9,67.4,66.65,76.48,47.22,66.33,Regular,70.87,Regular
STU0146,81.73,70.23,92.35,77.05,30.54,70.38,Regular,71,Regular
STU0147,51.45,53.56,45.99,59.39,75.83,57.24,Bajo,56.62,Bajo
STU0148,50.19,48.4,57.57,59.32,68.58,56.81,Bajo,55.76,Bajo
STU0149,77.83,93.92,68.45,68.34,62.28,74.16,Regular,77.9,Regular
STU0150,74.45,57.3,45.35,56.55,73.65,61.46,Bajo,63.09,Satisfactorio
STU0151,73.76,55.13,67.36,82.63,69.09,69.59,Regular,80.97,Bueno
STU0152,75.2,37.7,94.92,64.46,86.92,71.84,Regular,67.58,Satisfactorio
STU0153,59.8,60.42,70.31,26.4,71.29,57.64,Bajo,60.23,Satisfactorio
STU0154,73.48,50.15,73.46,64.38,58.8,64.05,Bajo,61.41,Satisfactorio
STU0155,74.4,94.63,51.1,54.42,84.85,71.88,Regular,67.53,Satisfactorio
STU0156,59.28,85.15,60.75,45.53,66.74,63.49,Bajo,63.44,Satisfactorio
STU0157,97.99,59.68,64.37,51.44,77.9,70.28,Regular,70.96,Regular
STU0158,77.11,100,65.23,71.64,62.84,75.36,Bueno,89.95,Bueno
STU0159,52.13,84.73,89.22,89.93,60.25,75.25,Bueno,74.33,Regular
STU0160,79.85,65.13,78.37,74.7,71.26,73.86,Regular,68.21,Satisfactorio
STU0161,55.38,32.51,53.33,60.9,70.19,54.46,Bajo,55.83,Bajo
STU0162,81.81,100,73.7,76.84,77.2,81.91,Bueno,71.54,Regular
STU0163,87.38,49.16,77.47,63.11,65.97,68.62,Regular,68.16,Satisfactorio
STU0164,57.69,45.32,87.1,59.58,42.45,58.43,Bajo,58.51,Bajo
STU0165,84.45,85.34,93.71,52.68,63.51,75.94,Bueno,79.91,Regular
STU0166,76.19,100,54.77,43.72,81.91,71.32,Regular,76.19,Regular
STU0167,82.33,90.76,57.84,64.15,65.54,72.12,Regular,69.61,Satisfactorio
STU0168,98.45,78.46,51.14,72.37,66.3,73.34,Regular,72.59,Regular
STU0169,66.32,78.92,66.49,68.55,84.8,73.02,Regular,69.19,Satisfactorio
STU0170,58.69,82.8,77,63.76,59.32,68.31,Regular,62.67,Satisfactorio
STU0171,56.66,81.38,84.81,55.81,46.86,65.1,Regular,66.65,Satisfactorio
STU0172,57.76,74.22,68.86,79.12,67.59,69.51,Regular,63.14,Satisfactorio
STU0173,68.84,71.56,65.2,50.24,62.74,63.72,Bajo,61.64,Satisfactorio
STU0174,75.12,69.06,72.28,81.64,55.51,70.72,Regular,65.75,Satisfactorio
STU0175,74.15,58.69,57.47,54.97,67.37,62.53,Bajo,65.28,Satisfactorio
STU0176,82.41,65.79,100,58.71,77.37,76.86,Bueno,85.86,Bueno
STU0177,70.2,44.61,45.89,48,69.86,55.71,Bajo,49.2,Insuficiente
STU0178,91.8,68.52,72.77,62.48,74.6,74.03,Regular,64.77,Satisfactorio
STU0179,66.03,55.17,100,84.63,97.2,80.61,Bueno,79.98,Regular
STU0180,100,53.45,70.1,77.73,64.86,73.23,Regular,73.31,Regular
STU0181,79.39,72.7,67.15,84.68,74.18,75.62,Bueno,76.71,Regular
STU0182,57.14,90.88,64.64,77.83,62.36,70.57,Regular,68.34,Satisfactorio
STU0183,53.94,83.77,67.29,53.44,57.3,63.15,Bajo,62.14,Satisfactorio
STU0184,77.24,46.44,90.59,65.04,61.23,68.11,Regular,69.95,Satisfactorio
STU0185,66.65,55.16,36.82,58.3,62.82,55.95,Bajo,61.15,Satisfactorio
STU0186,80.71,84.11,93,89.96,75.39,84.63,Bueno,74.86,Regular
STU0187,77.1,55.26,48.64,52.05,100,66.61,Regular,64.77,Satisfactorio
STU0188,68.91,66.63,66,83.41,59.26,68.84,Regular,69.91,Satisfactorio
STU0189,57.3,78.25,63.56,83.39,63.75,69.25,Regular,64.66,Satisfactorio
STU0190,47.28,55.47,78.83,97.44,69.05,69.61,Regular,78.27,Regular
STU0191,63.3,71.58,46.03,63.85,75.94,64.14,Bajo,60.96,Satisfactorio
STU0192,82.85,49.99,76.93,80.68,73.95,72.88,Regular,72.67,Regular
STU0193,73.21,60.98,100,100,89.26,84.69,Bueno,87.47,Bueno
STU0194,51.31,74.8,49.55,60.74,33.6,54,Bajo,51.04,Bajo
STU0195,72.6,46.11,72.85,46.97,34.2,54.55,Bajo,45.31,Insuficiente
STU0196,75.78,76.61,60.07,41.8,62.56,63.36,Bajo,61.22,Satisfactorio
STU0197,56.74,69.71,76.39,80.69,86.46,74,Regular,79.15,Regular
STU0198,72.31,78.29,70.29,41.75,46.52,61.83,Bajo,60.15,Satisfactorio
STU0199,70.87,73.36,60.38,64.42,24.89,58.78,Bajo,54.55,Bajo
STU0200,52.86,90.46,77.32,76.56,78.57,75.15,Bueno,79.78,Regular
STU0201,75.37,71.88,97.07,72.78,73.65,78.15,Bueno,76.5,Regular
STU0202,78.41,63.56,67.14,76.38,53.65,67.83,Regular,65.28,Satisfactorio
STU0203,86.25,71.83,80.8,73.33,55.22,73.49,Regular,74.23,Regular
STU0204,85.81,78.15,50.6,89.18,55.45,71.84,Regular,75.69,Regular
STU0205,49.33,70.73,55.65,55.72,71.66,60.62,Bajo,72.53,Regular
STU0206,55.93,70.61,77.09,59.85,60.61,64.82,Bajo,68.95,Satisfactorio
STU0207,77.73,59.47,92.26,58.41,77.41,73.06,Regular,78.86,Regular
STU0208,77.71,60.06,75.33,82.45,27.18,64.55,Bajo,62.02,Satisfactorio
STU0209,77.73,48.96,65.3,83.51,57.15,66.53,Regular,61.4,Satisfactorio
STU0210,100,96.24,69.99,76.77,53.11,79.22,Bueno,79.53,Regular
STU0211,78.56,51.34,51.24,87.75,66.15,67.01,Regular,67.54,Satisfactorio
STU0212,87.03,59.61,79.07,52.33,61.93,67.99,Regular,62.6,Satisfactorio
STU0213,84.31,59.22,83.23,95.01,81.97,80.75,Bueno,79.87,Regular
STU0214,79.77,83.42,63.22,92.85,42.11,72.27,Regular,74.27,Regular
STU0215,65.27,65.58,62.95,81.03,70.68,69.1,Regular,70.9,Regular
STU0216,81.38,88.72,73.99,96.73,78.38,83.84,Bueno,86.36,Bueno
STU0217,58.41,59.9,63.45,45.15,97.85,64.95,Bajo,66.41,Satisfactorio
STU0218,66.45,74.18,69.01,62.13,62.77,66.91,Regular,64.37,Satisfactorio
STU0219,62.72,57.47,100,58.97,74.87,70.81,Regular,68.24,Satisfactorio
STU0220,71.23,100,66.29,80.82,42.94,72.26,Regular,66.26,Satisfactorio
STU0221,100,52.19,64.62,54.25,34.12,61.04,Bajo,69.96,Satisfactorio
STU0222,41.99,74.65,60.29,81.36,82.67,68.19,Regular,68.26,Satisfactorio
STU0223,80.29,79.51,81.16,90.56,69.92,80.29,Bueno,79.16,Regular
STU0224,45.81,76.21,67.28,80.43,87.68,71.48,Regular,66.84,Satisfactorio
STU0225,62.92,67.22,60.26,74.26,49.4,62.81,Bajo,77.49,Regular
STU0226,86.33,68.05,89.82,55.18,77.8,75.44,Bueno,70.07,
STU0227,70.96,70.66,91.29,57.3,98.03,77.65,Bueno,75.5,Regular
STU0228,53.83,67.79,60.99,88.74,76.3,69.53,Regular,71.61,Regular
STU0229,59.27,84.46,42,81.69,74.15,68.31,Regular,71.32,Regular
STU0230,80.19,100,85.11,69.41,70.13,80.97,Bueno,85.76,Bueno
STU0231,59.04,61.64,59.73,63.73,46.44,58.12,Bajo,67.15,Satisfactorio
STU0232,73.25,49.45,81.86,39.61,90.33,66.9,Regular,69.43,Satisfactorio
STU0233,70.68,68.68,40.45,53.94,60.84,58.92,Bajo,53.64,Bajo
STU0234,60.23,100,83.39,98.67,77.57,83.97,Bueno,82.69,Bueno
STU0235,100,57.94,51.83,50.79,46.55,61.42,Bajo,62.96,Satisfactorio
STU0236,79.51,94.59,80.96,72.84,52.31,76.04,Bueno,86.38,Bueno
STU0237,39.62,95.17,70.21,85.11,91.53,76.33,Bueno,69.34,Satisfactorio
STU0238,72.8,61.7,55.69,51.18,64.79,61.23,Bajo,67.24,Satisfactorio
STU0239,60.07,78.53,63.89,72.77,91.8,73.41,Regular,74.31,Regular
STU0240,82.79,94.43,80.29,84.07,68.83,82.08,Bueno,86.27,Bueno
STU0241,58.11,64.31,71.59,70.19,42.37,61.31,Bajo,60.8,Satisfactorio
STU0242,68.28,66.95,78.77,100,83.38,79.48,Bueno,75.26,Regular
STU0243,77.57,61.27,99.65,44.97,61.15,68.92,Regular,72.68,Regular
STU0244,82.99,54.78,46.54,85.88,80.48,70.13,Regular,73.41,Regular
STU0245,52,60.26,94.26,67.41,70.38,68.86,Regular,73.72,Regular
STU0246,64.98,51.64,71.57,81.58,46.85,63.32,Bajo,63.26,Satisfactorio
STU0247,62.88,70.51,56.52,76.62,72.46,67.8,Regular,64.8,Satisfactorio
STU0248,60.2,58.45,50.05,59,100,65.54,Regular,57.75,Bajo
STU0249,96.48,73.51,67.16,73.43,77.39,77.59,Bueno,81.69,Bueno
STU0250,76.07,46.66,83.82,42.13,69.14,63.56,Bajo,65.68,Satisfactorio
STU0251,51.09,74.96,68.09,79.05,86.13,71.86,Regular,67.04,Satisfactorio
STU0252,83.77,82.5,92.67,74.47,73.16,81.31,Bueno,78.62,Regular
STU0253,100,40.09,48.23,79.58,73.14,68.21,Regular,65.87,Satisfactorio
STU0254,85.49,75.61,69.82,85.87,53.63,74.08,Regular,66.67,Satisfactorio
STU0255,47.21,88.42,51.21,75.51,73.51,67.17,Regular,63.08,Satisfactorio
STU0256,62.74,51.86,75.45,72.22,85.53,69.56,Regular,63.89,Satisfactorio
STU0257,89,95.09,83.3,56.78,57.46,76.33,Bueno,74.26,Regular
STU0258,59.38,76.29,63.69,59.32,91.37,70.01,Regular,66.32,Satisfactorio
STU0259,76.66,59.42,30.94,87.8,68.62,64.69,Bajo,56.55,Bajo
STU0260,81.62,69.16,72.98,91.55,56.68,74.4,Regular,84.51,Bueno
STU0261,56.1,78.37,76.55,66.43,84.96,72.48,Regular,78.74,Regular
STU0262,69.11,71.14,76.06,70.69,65.7,70.54,Regular,66.64,Satisfactorio
STU0263,21.38,78.08,88.54,56.43,81.39,65.16,Regular,66.53,Satisfactorio
STU0264,54.63,56.19,53.93,87.59,65.62,63.59,Bajo,65.68,Satisfactorio
STU0265,66.21,72.54,80.2,79.98,69.1,73.61,Regular,79.56,Regular
STU0266,51.28,48.79,87.89,99.12,77.4,72.9,Regular,68.8,Satisfactorio
STU0267,94.49,68.33,43.32,56.83,74.36,67.47,Regular,72.93,Regular
STU0268,48.55,56.44,74.79,64.33,40.07,56.84,Bajo,54.1,Bajo
STU0269,63.4,58.97,62.44,73.47,53.18,62.29,Bajo,55.61,Bajo
STU0270,71.96,88.54,68.78,79.7,83.94,78.58,Bueno,82.2,Bueno
STU0271,91.62,86.37,75.22,66.76,68.02,77.6,Bueno,84.05,Bueno
STU0272,48.46,79.14,62.69,56.91,62.14,61.87,Bajo,74.81,Regular
STU0273,87.45,53.62,59.86,83.22,49.62,66.75,Regular,60.76,Satisfactorio
STU0274,70.15,65.25,70.51,80.82,53.8,68.11,Regular,71.6,Regular
STU0275,55.28,88.2,53.69,56.26,39.67,58.62,Bajo,56.57,Bajo
STU0276,76.93,72.13,53.71,90.33,68.48,72.32,Regular,76.23,Regular
STU0277,72.99,100,80.19,87.55,61.02,80.35,Bueno,73,Regular
STU0278,61,75.9,52.77,72.01,55.5,63.44,Bajo,57.12,Bajo
STU0279,71.05,72.88,79.99,71.19,68.98,72.82,Regular,68.94,Satisfactorio
STU0280,64.22,65.36,76.94,78.31,75.46,72.06,Regular,72.45,Regular
STU0281,71.7,72,44.11,57.07,100,68.98,Regular,65.77,Satisfactorio
STU0282,79.93,67.71,59.84,70.45,47.32,65.05,Regular,68.35,Satisfactorio
STU0283,93.79,80.62,87.91,37.71,87.39,77.48,Bueno,82.62,Bueno
STU0284,51.43,84.35,55.28,83.15,84.6,71.76,Regular,74.76,Regular
STU0285,100,58.21,63.03,46.58,58.31,65.23,Regular,73.32,Regular
STU0286,40.72,50.03,76.93,92.55,73.05,66.66,Regular,68.74,Satisfactorio
STU0287,67.72,42.46,81.75,65.05,63.14,64.02,Bajo,57.94,Bajo
STU0288,78.82,77.62,66.23,66.82,72.79,72.46,Regular,79.27,Regular
STU0289,74.21,53.45,61.04,60.58,92.64,68.38,Regular,65.36,Satisfactorio
STU0290,60.66,37.71,91.34,65.68,79.08,66.89,Regular,71.45,Regular
STU0291,66.88,75.83,96.08,91.28,77.63,81.54,Bueno,89.41,Bueno
STU0292,62.6,100,84.68,32.68,63.55,68.7,Regular,70.99,Regular
STU0293,61.16,69.91,71.28,89.15,47.74,67.85,Regular,60.37,Satisfactorio
STU0294,82.74,82.58,57.88,75.07,66.87,73.03,Regular,68.44,Satisfactorio
STU0295,75.36,71.23,57.54,51.89,88.1,68.82,Regular,75.44,Regular
STU0296,59.61,68.52,77.84,53.87,47.09,61.39,Bajo,60.54,Satisfactorio
STU0297,83.49,83.79,76.28,95.15,54.17,78.58,Bueno,78.97,Regular
STU0298,74.61,65.65,91.02,55.82,71.89,71.8,Regular,75.59,Regular
STU0299,82.19,74.01,79.76,52.7,55.23,68.78,Regular,72.26,Regular
STU0300,79.44,74.83,47.45,87.06,58.11,69.38,Regular,70.77,Regular
STU0301,57.57,59.98,85.78,75.08,63.65,68.41,Regular,67.37,Satisfactorio
STU0302,61.6,84.88,55.03,55.93,49.52,61.39,Bajo,59.83,Bajo
STU0303,81.21,67.38,64.24,73.25,55.39,68.29,Regular,72.58,Regular
STU0304,79.16,58.66,73.75,54.61,80.55,69.35,Regular,72.11,Regular
STU0305,69.69,78.05,99.94,86.51,50.39,76.92,Bueno,75.63,Regular
STU0306,71.76,56.52,100,85.92,46.03,72.05,Regular,77.46,Regular
STU0307,89.16,70.42,79.1,77.98,60.55,75.44,Bueno,74.8,Regular
STU0308,61.13,69.86,67.25,75.42,80.98,70.93,Regular,66.67,Satisfactorio
STU0309,78.21,86.29,78.02,96.42,67.05,81.2,Bueno,77.4,Regular
STU0310,66.97,77.12,83.31,70,63.03,72.09,Regular,67.19,Satisfactorio
STU0311,66.73,69.62,65.19,52.27,70.67,64.9,Bajo,63.53,Satisfactorio
STU0312,86.48,82.27,96.93,76.74,43.81,77.25,Bueno,83.41,Bueno
STU0313,82.38,90.85,73.45,100,77.42,84.82,Bueno,80.79,Bueno
STU0314,82.2,78.37,77.47,54.78,75.75,73.71,Regular,74.66,Regular
STU0315,89.58,70.16,79.99,64.58,63.86,73.63,Regular,70.35,Regular
STU0316,70.32,50.32,76.32,76.25,85.09,71.66,Regular,70.36,Regular
STU0317,80.23,54.02,82.58,69.19,53.09,67.82,Regular,60.27,Satisfactorio
STU0318,65.35,65.42,60.74,55.27,86.92,66.74,Regular,65.64,Satisfactorio
STU0319,74.86,60.86,61.63,86.83,72.32,71.3,Regular,70.33,Regular
STU0320,68.05,67.2,53.5,100,64.95,70.74,Regular,73.44,Regular
STU0321,71.45,70.85,76.59,72.94,69.7,72.31,Regular,73.42,Regular
STU0322,78.93,77.95,81.68,56.44,68.39,72.68,Regular,66.69,Satisfactorio
STU0323,57.73,68.94,76.87,46.77,88.3,67.72,Regular,73.14,Regular
STU0324,100,77.3,95.12,73.87,53.85,80.03,Bueno,81.08,Bueno
STU0325,54.91,70.97,69.92,86.56,58.56,68.18,Regular,69.18,Satisfactorio
STU0326,51.79,40.37,80.03,77.13,85.54,66.97,Regular,66.93,Satisfactorio
STU0327,87.37,55.91,53.62,69.96,61.07,65.59,Regular,63,Satisfactorio
STU0328,81.87,67.84,64.19,61.16,83.51,71.71,Regular,72.8,Regular
STU0329,79.36,51.85,80.43,53.62,95.49,72.15,Regular,74.53,Regular
STU0330,79.43,79,82.74,82.52,63.97,77.53,Bueno,68.8,Satisfactorio
STU0331,69.82,92.96,65.59,83.71,80.22,78.46,Bueno,75.77,Regular
STU0332,56.54,88.28,68.93,46.81,52.69,62.65,Bajo,61.38,Satisfactorio
STU0333,71.14,66.8,47.23,93.85,81.32,72.07,Regular,73.35,Regular
STU0334,59.84,92.36,64.64,78.61,72.99,73.69,Regular,79.65,Regular
STU0335,84.63,72.23,83.36,90.99,77.1,81.66,Bueno,77.8,Regular
STU0336,67.79,64.94,78.63,49.87,60.32,64.31,Bajo,61.82,Satisfactorio
STU0337,57.62,60.8,77.51,49.51,45.08,58.1,Bajo,55.54,Bajo
STU0338,65.18,65.46,70.75,67.77,77.55,69.34,Regular,65.33,Satisfactorio
STU0339,76.19,64.18,70.11,77.54,39.05,65.41,Regular,63.68,Satisfactorio
STU0340,61.54,72.56,60.1,96.95,65.24,71.28,Regular,75.13,Regular
STU0341,57.67,72.41,80.48,80.59,84.12,75.05,Bueno,69.78,Satisfactorio
STU0342,73.66,70.05,76.31,66.36,72.88,71.85,Regular,73.99,Regular
STU0343,73.67,76.55,77.38,54.6,99.23,76.29,Bueno,67.78,Satisfactorio
STU0344,62.4,87.86,62.11,88.45,85.38,77.24,Bueno,74.43,Regular
STU0345,62.93,84.24,37.7,55.53,60.19,60.12,Bajo,58.47,Bajo
STU0346,73.48,47.73,86.46,94.43,70.41,74.5,Regular,82.88,Bueno
STU0347,48.28,31.69,62.82,65.73,69.29,55.56,Bajo,54.19,Bajo
STU0348,48.89,84.01,57.06,93.86,46.27,66.02,Regular,55.01,Bajo
STU0349,59.22,49.5,80.4,80.18,55.89,65.04,Regular,55.04,Bajo
STU0350,66.8,66.63,64.12,67.95,61.59,65.42,Regular,65.59,Satisfactorio
STU0351,74.66,52.45,85.9,62.21,39.46,62.94,Bajo,66,Satisfactorio
STU0352,92.13,42.97,79.26,64.89,70.71,69.99,Regular,71.87,Regular
STU0353,82.86,78.12,80.25,76.42,66.26,76.78,Bueno,77.62,Regular
STU0354,67.6,81.39,49.51,71.16,44.91,62.91,Bajo,68.73,Satisfactorio
STU0355,69.71,61.35,88.18,61.09,76.06,71.28,Regular,68.58,Satisfactorio
STU0356,54.96,31.13,73.92,67.52,80.74,61.65,Bajo,66.13,Satisfactorio
STU0357,69.72,61.81,64.46,71.18,73.41,68.12,Regular,59.96,Bajo
STU0358,65.67,75.88,72.15,38.07,65.14,63.38,Bajo,58.86,Bajo
STU0359,74.84,47.82,43.36,76.87,78.87,64.35,Bajo,55.32,Bajo
STU0360,57.59,72.75,76.13,55.3,80.2,68.39,Regular,67.02,Satisfactorio
STU0361,77.79,69.77,54.56,52.7,74.61,65.89,Regular,65.65,Satisfactorio
STU0362,92.99,78.69,49.71,44.69,57.63,64.74,Bajo,65.31,Satisfactorio
STU0363,68.37,71.79,47.16,43.09,74.15,60.91,Bajo,61.22,Satisfactorio
STU0364,76.03,55.4,86.69,49.67,87.93,71.14,Regular,66.51,Satisfactorio
STU0365,80.35,87.95,60.56,59.36,61.05,69.85,Regular,68.9,Satisfactorio
STU0366,63.98,67.62,93.01,99.3,100,84.78,Bueno,77.29,Regular
STU0367,73.36,69.59,61.96,62.11,62.12,65.83,Regular,72.64,Regular
STU0368,70.19,56,44.39,72.67,70.49,62.75,Bajo,61.23,Satisfactorio
STU0369,71.47,63.35,53.25,76.01,59.91,64.8,Bajo,62.35,Satisfactorio
STU0370,58.4,56.73,88.54,71.97,73.35,69.8,Regular,77.74,Regular
STU0371,70.37,67.41,67.66,68.84,43.87,63.63,Bajo,57.42,Bajo
STU0372,77.47,95.68,61.78,52.07,61.81,69.76,Regular,64.13,Satisfactorio
STU0373,91.77,49.42,72.4,91.76,53.62,71.79,Regular,66.31,Satisfactorio
STU0374,84.39,45.8,77.53,97.11,72.03,75.37,Bueno,75.03,Regular
STU0375,100,92.07,86.76,44.76,84.92,81.7,Bueno,83.86,Bueno
STU0376,58.49,66.86,91.73,54.64,79.69,70.28,Regular,73.98,Regular
STU0377,83.08,59.96,64.6,65.8,34.43,61.57,Bajo,74.43,Regular
STU0378,72.75,85.6,50.11,55.53,100,72.8,Regular,61.55,Satisfactorio
STU0379,100,60.92,63.8,77.59,74.43,75.35,Bueno,78.39,Regular
STU0380,57.88,97.39,73.9,59.08,58.35,69.32,Regular,66.53,Satisfactorio
STU0381,57.4,80.17,55.54,100,72.36,73.09,Regular,70.16,Regular
STU0382,61.01,62.68,55.64,87.86,72.64,67.97,Regular,64.87,Satisfactorio
STU0383,38.14,100,75.16,73.19,60,69.3,Regular,64.75,Satisfactorio
STU0384,62.11,60.91,69.27,85.4,72.97,70.13,Regular,78.55,Regular
STU0385,58.61,81.13,70.49,86.59,60.89,71.54,Regular,75.75,Regular
STU0386,72.26,74.49,58.62,61.54,63.93,66.17,Regular,66.28,Satisfactorio
STU0387,75.13,89.53,66.54,57.76,59.71,69.73,Regular,76.49,Regular
STU0388,98.14,93.42,56.14,71.17,48.51,73.48,Regular,65.91,Satisfactorio
STU0389,84.26,70.48,83.35,82.92,72.19,78.64,Bueno,71.99,Regular
STU0390,61.35,58.7,85.53,72.09,78.78,71.29,Regular,60.4,Satisfactorio
STU0391,56.52,76.9,42.31,46.35,77.72,59.96,Bajo,56.46,Bajo
STU0392,77.38,59.83,56.06,57.96,82.3,66.71,Regular,67.51,Satisfactorio
STU0393,50.2,100,47.55,68.89,74.87,68.3,Regular,68.82,Satisfactorio
STU0394,97.47,72.05,60.25,68.87,62.01,72.13,Regular,72.88,Regular
STU0395,87.69,64.52,68.75,99.59,82.59,80.63,Bueno,73.57,Regular
STU0396,62.96,72.77,48.26,49.21,49.64,56.57,Bajo,60.58,Satisfactorio
STU0397,44.3,49.79,56.17,77.58,56.49,56.87,Bajo,58.06,Bajo
STU0398,90.31,55.43,54.94,92.34,55.54,69.71,Regular,73.38,Regular
STU0399,68.28,88.01,73.11,100,86.2,83.12,Bueno,73.66,Regular
STU0400,88.57,60.15,71.04,63.93,84.14,73.57,Regular,75.12,Regular
STU0401,46.08,54.3,59.17,77.37,77.31,62.85,Bajo,56.91,Bajo
STU0402,61.01,78.05,72.65,78.55,86.08,75.27,Bueno,73.28,Regular
STU0403,70.08,87.79,61.8,72.93,56.81,69.88,Regular,72.55,Regular
STU0404,70.7,80.78,65.93,68.52,75.23,72.23,Regular,72.69,Regular
STU0405,63.25,84.94,95.1,76.54,68.12,77.59,Bueno,73.33,Regular
STU0406,79.34,58.65,90.11,32.02,82.7,68.56,Regular,68.6,Satisfactorio
STU0407,53.99,48.67,50.51,80.23,68.27,60.33,Bajo,52.68,Bajo
STU0408,67.86,92.52,82.45,71.89,64.23,75.79,Bueno,81.54,Bueno
STU0409,71.8,65.16,82.17,66.66,78.11,72.78,Regular,71.75,Regular
STU0410,77.72,66.24,52.78,100,83.14,75.98,Bueno,81.57,Bueno
STU0411,80.67,89.92,82.28,59.88,59.97,74.54,Regular,71.91,Regular
STU0412,53.13,78.34,93.07,63.95,69.08,71.51,Regular,68.9,Satisfactorio
STU0413,46.99,76.84,53.16,99.87,54.12,66.2,Regular,62.38,Satisfactorio
STU0414,89.17,100,56.24,57.52,32.53,67.09,Regular,71.47,Regular
STU0415,74.98,60.35,85.26,61.75,73.01,71.07,Regular,67.52,Satisfactorio
STU0416,58.77,83.92,74.07,67.79,79.13,72.74,Regular,75.96,Regular
STU0417,93.27,70.86,78.27,82.61,73.93,79.79,Bueno,77.88,Regular
STU0418,71.74,74.03,75.11,73.12,40.76,66.95,Regular,57.07,Bajo
STU0419,87.69,92.93,75.86,50.61,64.74,74.37,Regular,71.51,Regular
STU0420,71.01,77.62,50.1,62.02,36.72,59.49,Bajo,53.6,Bajo
STU0421,100,78.07,85.71,60.89,90.55,83.04,Bueno,83.21,Bueno
STU0422,96.33,86.09,87.54,68.84,53.71,78.5,Bueno,72.55,Regular
STU0423,66.27,64.53,66.56,76.39,88.83,72.52,Regular,77.15,Regular
STU0424,84.57,57.41,69.35,76.27,84.19,74.36,Regular,73.9,Regular
STU0425,79.68,54.33,47.03,43.36,56.49,56.18,Bajo,55.29,Bajo
STU0426,90.53,40.5,77.71,85.96,53.01,69.54,Regular,72.82,Regular
STU0427,55.53,100,78.58,73.79,75.26,76.63,Bueno,81.45,Bueno
STU0428,80.29,53.45,69.07,90.77,57.34,70.18,Regular,70.08,
STU0429,85.88,66.68,86.87,76.66,71.54,77.53,Bueno,73.67,Regular
STU0430,43.62,65.85,64.99,86.52,62.76,64.75,Bajo,55.88,Bajo
STU0431,52.25,74.61,78.47,77,43.28,65.12,Regular,61.69,Satisfactorio
STU0432,39.41,82.24,54.71,90.19,36.54,60.62,Bajo,57.53,Bajo
STU0433,65.96,82.91,69.65,77.83,73.4,73.95,Regular,74.49,Regular
STU0434,80.76,61.25,67.38,68.53,61.58,67.9,Regular,66.17,Satisfactorio
STU0435,92.54,67.49,73.38,100,61.7,79.02,Bueno,82.46,Bueno
STU0436,71.11,74.24,64.46,83.34,80.44,74.72,Regular,71.65,Regular
STU0437,94.43,66.27,68.03,78.61,87.6,78.99,Bueno,78.7,Regular
STU0438,49.3,94.11,82.39,50.86,65.91,68.51,Regular,74.43,Regular
STU0439,44.45,77.36,63.45,50.68,64.89,60.17,Bajo,61.88,Satisfactorio
STU0440,69.17,81.02,45.9,74.39,77.5,69.6,Regular,69.3,Satisfactorio
STU0441,75.76,79.94,96.24,72.18,49.65,74.75,Regular,71.74,Regular
STU0442,69.51,87.6,90.72,60.79,73.35,76.39,Bueno,73.23,Regular
STU0443,38.99,72.72,50.62,72.11,78.28,62.54,Bajo,58.29,Bajo
STU0444,68.66,50.55,80.35,93.83,80.2,74.72,Regular,72.01,Regular
STU0445,50.43,76,62.46,80.43,40.95,62.05,Bajo,65.83,Satisfactorio
STU0446,80.05,60.23,73.95,52.88,58.58,65.14,Regular,64.03,Satisfactorio
STU0447,75.5,62.07,74.41,68.33,56.83,67.43,Regular,60.68,Satisfactorio
STU0448,55.9,78.8,66.48,57.93,71.5,66.12,Regular,74.96,Regular
STU0449,62.29,88.57,58.24,64.18,77.21,70.1,Regular,71.7,Regular
STU0450,54.11,70.32,59.64,63.8,92.45,68.06,Regular,61.03,Satisfactorio
STU0451,69.06,74.63,56.26,62.84,62.58,65.07,Regular,62.86,Satisfactorio
STU0452,84.33,95.53,57.52,51.17,62.54,70.22,Regular,70.77,Regular
STU0453,55.21,73.61,68.99,68.09,87.25,70.63,Regular,79.15,Regular
STU0454,77.56,100,59.26,61.59,74.45,74.57,Regular,69.03,Satisfactorio
STU0455,62.05,78.48,80.23,26.06,89.01,67.17,Regular,72.05,Regular
STU0456,58.11,43.59,92.31,100,74.33,73.67,Regular,80.67,Bueno
STU0457,68.39,81.3,61.3,86.33,52.64,69.99,Regular,66.85,Satisfactorio
STU0458,54.47,75.72,73.59,64.36,50,63.63,Bajo,62.24,Satisfactorio
STU0459,61.7,89.35,77.5,70.28,46.73,69.11,Regular,63.93,Satisfactorio
STU0460,52.03,80.1,77.08,52.43,79.93,68.31,Regular,67.3,Satisfactorio
STU0461,99.47,67.92,71.14,95.44,87.83,84.36,Bueno,84.18,Bueno
STU0462,70.53,51.64,81.14,98.46,97.74,79.9,Bueno,83.2,Bueno
STU0463,59.5,66.86,77.23,72.35,82.65,71.72,Regular,77.17,Regular
STU0464,73.21,57.24,51.44,85.35,87.44,70.94,Regular,67.2,Satisfactorio
STU0465,68.32,61.29,83.04,72.63,61.3,69.32,Regular,59.48,Bajo
STU0466,66.69,78.83,83.31,49.95,52.65,66.29,Regular,66.18,Satisfactorio
STU0467,79.21,95.05,58.55,63.82,82.75,75.88,Bueno,77.34,Regular
STU0468,81.36,75.92,70.57,71.98,76.27,75.22,Bueno,76.47,Regular
STU0469,62.04,52.06,80.25,63.18,71.61,65.83,Regular,64.19,Satisfactorio
STU0470,61.36,76.67,66.86,66.72,75.81,69.48,Regular,70.11,Regular
STU0471,65.87,87.95,86.09,68.63,74.85,76.68,Bueno,84.26,Bueno
STU0472,35.47,60.85,100,68.79,89.26,70.87,Regular,72.78,Regular
STU0473,47.27,67.99,58.21,70.78,89.42,66.73,Regular,64.87,Satisfactorio
STU0474,90.5,70.22,49.28,54.09,78.16,68.45,Regular,65.95,Satisfactorio
STU0475,94.67,58.23,74.56,59.24,82.69,73.88,Regular,73.03,Regular
STU0476,66.26,79.72,80.82,50.73,77.71,71.05,Regular,79.23,Regular
STU0477,78.65,68.19,66.54,84.67,63.08,72.23,Regular,71.31,Regular
STU0478,74.67,76.29,91.8,38.42,81.35,72.51,Regular,72.41,Regular
STU0479,100,56.69,49.92,87.3,49.08,68.6,Regular,66.19,Satisfactorio
STU0480,86.79,63.44,80.39,90.8,85.81,81.45,Bueno,86.94,Bueno
STU0481,68.08,80.84,60.91,65.47,52.08,65.48,Regular,75.28,Regular
STU0482,55.67,64.41,95.79,30.95,74.29,64.22,Bajo,66.48,Satisfactorio
STU0483,45.9,95.9,99.89,64.58,57.32,72.72,Regular,73.13,Regular
STU0484,73.05,64.01,58.5,69.04,78.3,68.58,Regular,68.76,Satisfactorio
STU0485,58.65,73.37,61.76,54.84,69.49,63.62,Bajo,51.7,Bajo
STU0486,48.67,83.99,82.89,62.27,46.08,64.78,Bajo,68.51,Satisfactorio
STU0487,60.3,48.72,64.19,92.95,76.31,68.49,Regular,69.16,Satisfactorio
STU0488,53.78,43.59,69.32,79.97,61.33,61.6,Bajo,63.74,Satisfactorio
STU0489,95.31,47.12,70.38,56.13,83.22,70.43,Regular,66.87,Satisfactorio
STU0490,83.22,88.94,41.2,46.04,70.02,65.88,Regular,63.96,Satisfactorio
STU0491,69.88,61.72,69.79,65.09,75.93,68.48,Regular,66.43,Satisfactorio
STU0492,92.2,100,59.65,66.8,55.64,74.86,Regular,79.97,Regular
STU0493,71.16,61.54,62.6,77.44,61.16,66.78,Regular,64.89,Satisfactorio
STU0494,57.08,72.77,91.65,61.97,63.12,69.32,Regular,79.73,Regular
STU0495,92.85,93.13,51.15,77.67,82.85,79.53,Bueno,81.68,Bueno
STU0496,78.08,100,82.2,99.03,95.16,90.89,Excelente,84.52,Bueno
STU0497,54.44,100,65.82,82.23,57.92,72.08,Regular,71.44,Regular
STU0498,67.14,88.13,65.8,69.28,86.15,75.3,Bueno,72.04,Regular
STU0499,56.87,85.36,81.86,67.25,37.45,65.76,Regular,54.79,Bajo
STU0500,49.26,78.89,75.1,64.65,52.09,64,Bajo,72,Regular
STU0501,83.89,81.68,78.56,87.71,55.62,77.49,Bueno,81.01,Bueno
STU0502,98.64,61.73,84.52,60.59,49.71,71.04,Regular,73.7,Regular
STU0503,49.02,57.73,65.03,70.68,46.25,57.74,Bajo,58.57,Bajo
STU0504,78.44,69.95,60.82,70.77,76.19,71.23,Regular,64.32,Satisfactorio
STU0505,60.24,67.45,53.72,62.47,66.79,62.13,Bajo,59.72,Bajo
STU0506,62.69,63.2,57.62,49.41,75.69,61.72,Bajo,65.93,Satisfactorio
STU0507,61.11,80.45,100,74.84,80.36,79.35,Bueno,74.1,Regular
STU0508,57.04,84.33,88.67,69.08,73.98,74.62,Regular,61.96,Satisfactorio
STU0509,70.73,71.33,49.73,77.5,79.87,69.83,Regular,68.7,Satisfactorio
STU0510,57.54,92.16,50.16,62,68.96,66.16,Regular,65.46,Satisfactorio
STU0511,74.06,52.87,77.23,88.31,52.2,68.93,Regular,69.61,Satisfactorio
STU0512,69.25,67.1,78.21,56.85,85.87,71.46,Regular,75.1,Regular
STU0513,66.42,59.25,78.23,95.68,61.16,72.15,Regular,75.34,Regular
STU0514,56.39,42,66.18,43.79,55.97,52.87,Bajo,54.16,Bajo
STU0515,61.35,68.76,68.12,76.52,67.33,68.42,Regular,74.39,Regular
STU0516,81.33,68.17,74.92,77.13,56.31,71.57,Regular,63.98,Satisfactorio
STU0517,77.51,92.7,71.29,58.07,63.74,72.66,Regular,75.18,Regular
STU0518,55.34,79.46,36.71,76.37,75.16,64.61,Bajo,67.74,Satisfactorio
STU0519,71.49,54.64,66.55,89.19,75.23,71.42,Regular,65.22,Satisfactorio
STU0520,81.27,97.81,57.23,36.75,56.53,65.92,Regular,58.4,Bajo
STU0521,44.96,88.32,72.63,77.54,62.68,69.23,Regular,65.5,Satisfactorio
STU0522,78.15,78.73,100,32.6,86.11,75.12,Bueno,71.81,Regular
STU0523,60.06,66.6,75.51,55.52,77.45,67.03,Regular,70.8,Regular
STU0524,78.56,55.61,65.3,94.44,100,78.78,Bueno,75.71,Regular
STU0525,58.55,64.42,83.83,61.27,87.7,71.15,Regular,66.87,Satisfactorio
STU0526,42.93,86.33,77.24,52.39,87.16,69.21,Regular,66.15,Satisfactorio
STU0527,45.59,98.27,76.3,67.03,49.18,67.27,Regular,72.87,Regular
STU0528,70.72,93.15,79.1,100,81.46,84.89,Bueno,84.95,Bueno
STU0529,73.9,62.67,100,42.52,69.2,69.66,Regular,68.76,Satisfactorio
STU0530,56.44,53.21,53.04,54.23,61.74,55.73,Bajo,55.18,Bajo
STU0531,79.58,72.11,77.1,92.46,72.52,78.75,Bueno,85.21,Bueno
STU0532,45.08,43.47,56.1,97.87,84.18,65.34,Regular,61.59,Satisfactorio
STU0533,69.01,74.85,78.33,68.45,77.51,73.63,Regular,80.21,Bueno
STU0534,51.83,67.79,56.22,51.41,56.82,56.81,Bajo,57.87,Bajo
STU0535,60.22,63.01,63.74,100,81.14,73.62,Regular,72.82,Regular
STU0536,70.71,46.08,65.57,93.92,60.44,67.34,Regular,79.85,Regular
STU0537,57.09,77.7,84.64,80.18,73.25,74.57,Regular,69.29,Satisfactorio
STU0538,64.23,62.01,83.78,57.81,65.45,66.66,Regular,64.89,Satisfactorio
STU0539,85.09,52.45,51.31,69.26,66.72,64.97,Bajo,58.8,Bajo
STU0540,61.35,26.92,70.82,67.59,81.49,61.63,Bajo,66.4,Satisfactorio
STU0541,82.54,69.59,59.36,74.96,54.4,68.17,Regular,76.62,Regular
STU0542,53.05,96.58,51.12,91.77,99.18,78.34,Bueno,86.69,Bueno
STU0543,77.95,94.92,66.74,83.19,42.68,73.1,Regular,79.22,Regular
STU0544,91.62,63.14,65.37,53.84,61.03,67,Regular,66.01,Satisfactorio
STU0545,32.93,60.97,100,90.65,75.55,72.02,Regular,70.19,Regular
STU0546,58.05,77.03,76.49,74.7,78.76,73.01,Regular,64.65,Satisfactorio
STU0547,78.66,55.02,49.34,80.31,68.49,66.36,Regular,76.54,Regular
STU0548,66.95,74.53,61.53,92,69.14,72.83,Regular,75.17,Regular
STU0549,75.57,81.49,85.32,53.33,76.16,74.37,Regular,71.91,Regular
STU0550,60.94,88.4,100,69.46,66.53,77.07,Bueno,83.71,Bueno
STU0551,71.3,68.5,46.21,62.03,90.9,67.79,Regular,62.92,Satisfactorio
STU0552,67.66,66.94,41.8,46.48,82.59,61.09,Bajo,63.13,Satisfactorio
STU0553,87.52,56.83,98.06,75.2,83.09,80.14,Bueno,79.28,Regular
STU0554,73.82,57.6,75.84,100,55.51,72.55,Regular,75.75,Regular
STU0555,75.06,66.6,56.98,42.4,68.81,61.97,Bajo,61.65,Satisfactorio
STU0556,63.82,75.51,78.02,69.52,65.49,70.47,Regular,63.22,Satisfactorio
STU0557,62.69,83.7,30.46,79.61,54.92,62.28,Bajo,62.65,Satisfactorio
STU0558,63.51,57.95,70.05,71.85,75.4,67.75,Regular,73,Regular
STU0559,75.92,92.39,74.92,68.3,61.94,74.69,Regular,74.55,Regular
STU0560,63.69,65.93,83.86,50.51,79.83,68.76,Regular,72.64,Regular
STU0561,74.35,69.68,54.79,73.49,53.95,65.25,Regular,60.02,
STU0562,100,58.79,71.29,58.65,95.79,76.9,Bueno,76.77,Regular
STU0563,83.07,33.64,56.12,37.15,56.56,53.31,Bajo,50.19,Insuficiente
STU0564,65.11,83.26,73.83,87.92,73.29,76.68,Bueno,80.42,Bueno
STU0565,88.02,81.05,56.57,84.38,81.88,78.38,Bueno,78.54,Regular
STU0566,63.88,65.78,63.88,70.77,61.44,65.15,Regular,68.6,Satisfactorio
STU0567,39.43,71,55.06,73.44,82.79,64.34,Bajo,69.78,Satisfactorio
STU0568,54.88,77.74,79.77,86.11,51.56,70.01,Regular,73.47,Regular
STU0569,41.94,46.56,82.88,73.37,91.78,67.31,Regular,68.67,Satisfactorio
STU0570,64.73,62.06,66.48,83.56,70.21,69.41,Regular,64.42,Satisfactorio
STU0571,70.28,81.91,70.57,65.54,61.05,69.87,Regular,69.86,Satisfactorio
STU0572,95.15,51.19,48.27,89.68,65.51,69.96,Regular,67.29,Satisfactorio
STU0573,74.9,74.4,65.5,74.81,82.13,74.35,Regular,72.63,Regular
STU0574,66.71,49.65,69.25,72.91,61.23,63.95,Bajo,62.08,Satisfactorio
STU0575,82.44,77,100,50.95,58.76,73.83,Regular,68.93,Satisfactorio
STU0576,36.83,69.47,53.32,74.3,66.68,60.12,Bajo,50.33,Insuficiente
STU0577,73.53,45.77,91.96,57.52,52.35,64.23,Bajo,60.89,Satisfactorio
STU0578,81.56,87.47,84.95,60.43,97.31,82.34,Bueno,83.31,Bueno
STU0579,47.82,58.98,74.21,57.77,61.5,60.06,Bajo,53.32,Bajo
STU0580,87.16,57.85,96.38,54.01,82.47,75.57,Bueno,75.65,Regular
STU0581,75.08,73.01,75.58,100,73.14,79.36,Bueno,88.86,Bueno
STU0582,63.77,87.23,75.84,89.97,55.23,74.41,Regular,79.52,Regular
STU0583,79.49,54.76,69.2,98.81,69.91,74.43,Regular,82.65,Bueno
STU0584,100,70.93,88.35,51.66,81.76,78.54,Bueno,80.5,Bueno
STU0585,72.73,76.43,86.45,71.07,67.18,74.77,Regular,80.61,Bueno
STU0586,73.72,80.4,60.61,50.6,87.9,70.65,Regular,67.03,Satisfactorio
STU0587,63.11,72.65,50.21,59.56,85.32,66.17,Regular,62.95,Satisfactorio
STU0588,57.25,64.49,66.96,56.23,83.78,65.74,Regular,52.05,Bajo
STU0589,82.46,57.59,58,88.59,63.11,69.95,Regular,75.88,Regular
STU0590,57.16,71.29,69.05,64.06,53.8,63.07,Bajo,70.77,Regular
STU0591,71.07,53.92,88.56,86.03,60.8,72.08,Regular,69.31,Satisfactorio
STU0592,62.84,26.18,63.14,79.06,72.94,60.83,Bajo,59.56,Bajo
STU0593,77.18,76.55,69.36,100,78.19,80.26,Bueno,76.49,Regular
STU0594,75,83.56,70.87,47.81,37.43,62.93,Bajo,64.85,Satisfactorio
STU0595,85.56,34.56,82.73,88.89,69.88,72.32,Regular,77.95,Regular
STU0596,62.35,54.85,36.3,87.2,72.37,62.61,Bajo,53.9,Bajo
STU0597,65.95,79.29,60.9,55.4,65.84,65.48,Regular,67.52,Satisfactorio
STU0598,55.32,100,73.17,85.11,89.37,80.59,Bueno,79.21,Regular
STU0599,63.34,70.31,88,75.04,76.33,74.6,Regular,75.17,Regular
STU0600,75.66,59.08,62.62,66.59,89.65,70.72,Regular,73.01,Regular
STU0601,81.35,67.26,41.85,57.64,66.76,62.97,Bajo,62.03,Satisfactorio
STU0602,56.17,90.62,79.3,59.21,84.06,73.87,Regular,73.35,Regular
STU0603,83.04,60.31,60.47,100,94.53,79.67,Bueno,78.6,Regular
STU0604,90.33,58.01,52.16,70.01,89.68,72.04,Regular,76.89,Regular
STU0605,76.2,62.76,60.63,81.73,53.62,66.99,Regular,69.08,Satisfactorio
STU0606,98.15,55.7,67.23,58.14,66.19,69.08,Regular,70.18,Regular
STU0607,58.39,71.84,60.93,58.3,64.82,62.86,Bajo,56.5,Bajo
STU0608,51.33,94.37,36.92,86.23,77.34,69.24,Regular,67.35,Satisfactorio
STU0609,43.32,74.85,83.46,49.76,80.3,66.34,Regular,70.83,Regular
STU0610,92.44,66.21,89.12,63.77,57.42,73.79,Regular,73.98,Regular
STU0611,79.82,65.62,79.77,70.51,71.02,73.35,Regular,76.65,Regular
STU0612,69.17,46.55,52.93,71.67,39.7,56,Bajo,64.84,Satisfactorio
STU0613,74.2,83.25,66.98,67.31,91.63,76.67,Bueno,81.87,Bueno
STU0614,53.12,68.83,69.9,75.94,62.31,66.02,Regular,66.49,Satisfactorio
STU0615,100,67.29,78.98,80.39,70.84,79.5,Bueno,76.95,Regular
STU0616,71.94,100,80.03,81.02,65.36,79.67,Bueno,66.9,Satisfactorio
STU0617,71.64,74.48,58.99,55.21,87.19,69.5,Regular,68.66,Satisfactorio
STU0618,80.89,58.72,71.23,65.74,27.44,60.8,Bajo,59.17,Bajo
STU0619,77.22,63.6,76.86,87.92,69.75,75.07,Bueno,77.02,Regular
STU0620,73.36,87.23,91.84,83.42,68.41,80.85,Bueno,80.08,
STU0621,58.14,71.7,80.57,49.41,63.2,64.6,Bajo,63,Satisfactorio
STU0622,77.07,48.43,81.84,75.27,95.89,75.7,Bueno,66.8,Satisfactorio
STU0623,98.23,83.79,71.26,40.33,56.69,70.06,Regular,65.36,Satisfactorio
STU0624,90.18,59.98,91.16,70.7,81.58,78.72,Bueno,81.1,Bueno
STU0625,93.9,98.1,76.15,98.47,75.34,88.39,Bueno,96.97,Excelente
STU0626,62.33,86.2,57.08,55.78,88.92,70.06,Regular,69.57,Satisfactorio
STU0627,55.16,63.29,91.05,57.49,59.99,65.4,Regular,67.04,Satisfactorio
STU0628,68.11,89.22,80.47,81.46,59.01,75.65,Bueno,80.42,Bueno
STU0629,70.84,71.02,63.35,46.86,86.44,67.7,Regular,63.65,Satisfactorio
STU0630,86.41,82.79,62.81,60.51,76.38,73.78,Regular,75.61,Regular
STU0631,44.61,77.27,74.45,78.95,46.83,64.42,Bajo,60.72,Satisfactorio
STU0632,92.94,57.3,76.95,60.49,61.91,69.92,Regular,74.24,Regular
STU0633,67.63,60.35,72.96,66.46,75.8,68.64,Regular,69.4,Satisfactorio
STU0634,63.6,85.45,74.67,81.16,82.57,77.49,Bueno,78.98,Regular
STU0635,54.82,64.98,95.5,76.32,59.81,70.29,Regular,66.37,Satisfactorio
STU0636,45.18,63.95,86.07,74,26.29,59.1,Bajo,62.63,Satisfactorio
STU0637,82.35,55.67,72.86,64.91,77.85,70.73,Regular,81.15,Bueno
STU0638,71.1,76.35,84.12,75.55,51.7,71.76,Regular,66.72,Satisfactorio
STU0639,50.65,100,54.51,68.14,39.74,62.61,Bajo,60.91,Satisfactorio
STU0640,50.57,53.99,75.97,76.87,27.52,56.98,Bajo,58.14,Bajo
STU0641,64.96,70.36,97.14,62.55,82.21,75.44,Bueno,79.38,Regular
STU0642,95.04,91.18,66.73,67.26,71.93,78.43,Bueno,75.63,Regular
STU0643,66.11,68.81,57.29,55.15,66.62,62.8,Bajo,48.63,Insuficiente
STU0644,47.45,76.79,60.22,69.47,90.84,68.95,Regular,75.75,Regular
STU0645,66.31,54.06,53.66,57.83,79.56,62.28,Bajo,66.09,Satisfactorio
STU0646,65.91,76.42,58.23,53.29,94.24,69.62,Regular,60.9,Satisfactorio
STU0647,29.55,67.19,64.44,73.88,49.11,56.83,Bajo,53.8,Bajo
STU0648,69.19,84.79,48.92,73.19,69.48,69.11,Regular,76.95,Regular
STU0649,66.54,87.81,70.23,81.74,45.75,70.41,Regular,77.65,Regular
STU0650,80.44,100,83.53,63.53,66.56,78.81,Bueno,83.51,Bueno
STU0651,97.73,78.69,56.38,76.12,66.27,75.04,Bueno,74.16,Regular
STU0652,86.9,74.89,92.79,78.26,79.4,82.45,Bueno,82.86,Bueno
STU0653,65.97,72.92,77.66,76.67,70.68,72.78,Regular,72.13,Regular
STU0654,53.4,64.7,85.46,57.62,79.35,68.11,Regular,73.75,Regular
STU0655,100,75.08,60.13,72.24,80.55,77.6,Bueno,73.22,Regular
STU0656,70.89,65.57,82.82,75.46,100,78.95,Bueno,74.92,Regular
STU0657,70.21,72.53,53.62,70.11,65.27,66.35,Regular,71.4,Regular
STU0658,69.64,89.76,83.35,38.7,55.88,67.47,Regular,67.24,Satisfactorio
STU0659,72.97,54.9,72.58,72.41,73.69,69.31,Regular,76.2,Regular
STU0660,67.83,87.1,78.3,100,57.97,78.24,Bueno,74.88,Regular
STU0661,61.4,89.76,52.37,64.6,92.23,72.07,Regular,71.8,Regular
STU0662,61.8,68.23,56.57,59.08,65.75,62.29,Bajo,57.67,Bajo
STU0663,69.51,38.17,78.96,75.6,61.52,64.75,Bajo,64.79,Satisfactorio
STU0664,61.85,60.88,55.77,74.69,62.93,63.22,Bajo,55.83,Bajo
STU0665,59.31,89.45,76.95,87.89,80.78,78.88,Bueno,76.44,Regular
STU0666,71.6,69.66,49.49,51.13,67.63,61.9,Bajo,54.72,Bajo
STU0667,66.18,55.01,82.72,80.97,60.37,69.05,Regular,72.52,Regular
STU0668,92.56,62.43,51.51,78.86,94.98,76.07,Bueno,79.65,Regular
STU0669,30.24,82.61,78.28,67.87,57.16,63.23,Bajo,54.58,Bajo
STU0670,86.37,78.2,79.38,75.08,70.53,77.91,Bueno,84.58,Bueno
STU0671,88.69,66.42,59.55,85.44,79.78,75.98,Bueno,88.46,Bueno
STU0672,38.9,64.5,78.73,83.08,45.53,62.15,Bajo,62.38,Satisfactorio
STU0673,64.86,64.12,73.91,52.85,77.2,66.59,Regular,63.38,Satisfactorio
STU0674,64.43,56.16,61.92,82.3,54.17,63.8,Bajo,77.92,Regular
STU0675,48.89,94.23,54.87,69.03,82.34,69.87,Regular,63.28,Satisfactorio
STU0676,58.33,65.17,40.56,71.09,55.56,58.14,Bajo,58.24,Bajo
STU0677,53.34,88.26,75.24,71.1,80.39,73.67,Regular,74.56,Regular
STU0678,96.28,92.82,46.53,67.75,86.59,77.99,Bueno,84.72,Bueno
STU0679,84.04,84.97,71.43,87.88,82.92,82.25,Bueno,84.05,Bueno
STU0680,89.07,63.53,66.05,68.74,73.77,72.23,Regular,69.74,Satisfactorio
STU0681,80.83,76.06,80.19,53.21,66.53,71.36,Regular,66.61,Satisfactorio
STU0682,53.06,69.64,65.47,64.1,61.35,62.72,Bajo,61.01,Satisfactorio
STU0683,62.13,56.44,65.06,72.68,92.07,69.68,Regular,64.64,Satisfactorio
STU0684,77.34,74.87,80.98,88.44,59.51,76.23,Bueno,76.47,Regular
STU0685,51.67,52.31,75.03,79.05,54.44,62.5,Bajo,59.68,Bajo
STU0686,80.69,87.82,74.74,57.24,79.98,76.09,Bueno,68.62,Satisfactorio
STU0687,66.4,63.03,77.04,100,58.06,72.91,Regular,79.18,Regular
STU0688,64.38,73.02,46.97,73.97,55.75,62.82,Bajo,60.33,Satisfactorio
STU0689,80.66,74.25,81.35,89.13,48.35,74.75,Regular,68.41,Satisfactorio
STU0690,76.66,66.12,79.19,67.72,62.76,70.49,Regular,69.65,Satisfactorio
STU0691,64.59,78.8,54.75,78,68.76,68.98,Regular,69.32,Satisfactorio
STU0692,87.39,62.88,66.34,82.59,73.65,74.57,Regular,65.84,Satisfactorio
STU0693,53.78,83.07,69.41,88.27,84.27,75.76,Bueno,77.42,Regular
STU0694,79.24,49.81,67.98,85.86,77.9,72.16,Regular,66.92,Satisfactorio
STU0695,78.9,71.9,75.01,83.08,67.14,75.21,Bueno,83.76,Bueno
STU0696,65.36,99.08,91.47,65.27,67.03,77.64,Bueno,80.26,Bueno
STU0697,74.89,55,86.23,61.42,77.65,71.04,Regular,69.04,Satisfactorio
STU0698,51.23,59.83,50.32,74.99,89.09,65.09,Regular,61.37,Satisfactorio
STU0699,83.86,77.71,79.33,84,71.89,79.36,Bueno,78.83,Regular
STU0700,67.23,72.69,89.93,66.66,62.96,71.89,Regular,74.96,Regular
STU0701,62.16,75.26,75.8,85.98,55.11,70.86,Regular,70.73,Regular
STU0702,85.74,77.34,86.36,91.79,48.32,77.91,Bueno,76.82,Regular
STU0703,59.43,79.52,100,56.26,79.99,75.04,Bueno,75.33,Regular
STU0704,48.87,86.65,85.36,57.45,78.67,71.4,Regular,68.38,Satisfactorio
STU0705,46.65,76.15,73.74,67.89,78.66,68.62,Regular,66.9,Satisfactorio
STU0706,79.09,66.38,85.68,74.61,68.07,74.77,Regular,64.34,Satisfactorio
STU0707,50.79,80.09,72.17,62.13,91.1,71.26,Regular,76.12,Regular
STU0708,96.32,98.5,70.36,90.28,62.74,83.64,Bueno,85.13,Bueno
STU0709,38.77,68.01,64.73,76.36,84.33,66.44,Regular,62.57,Satisfactorio
STU0710,95.45,55.38,93.45,70.59,69.42,76.86,Bueno,86.35,Bueno
STU0711,73.17,86.61,57.72,48.46,60.87,65.37,Regular,65.8,Satisfactorio
STU0712,68.55,68.19,92.99,50.26,78.89,71.78,Regular,66.6,Satisfactorio
STU0713,61.83,37.41,77.5,74.22,76.14,65.42,Regular,69.7,Satisfactorio
STU0714,75.99,82.71,49.01,38.01,75.35,64.21,Bajo,66.2,Satisfactorio
STU0715,69.44,61.97,75.51,85.19,71.22,72.67,Regular,74.64,Regular
STU0716,86.55,68.64,38.5,67.63,69.43,66.15,Regular,64.02,Satisfactorio
STU0717,71.71,74.98,79.38,100,100,85.21,Bueno,87.47,Bueno
STU0718,72.25,72.86,83.28,100,87.76,83.23,Bueno,81.92,Bueno
STU0719,64.55,80.64,61.11,67.28,80.84,70.88,Regular,73.66,Regular
STU0720,69.15,63.47,71.85,68.4,71.68,68.91,Regular,59.39,Bajo
STU0721,74.62,77.7,99.31,84.93,85.11,84.33,Bueno,82.16,Bueno
STU0722,44.35,66.11,62.41,95.55,77.77,69.24,Regular,77.85,Regular
STU0723,49.78,81.08,54.12,45.43,70.39,60.16,Bajo,56.32,Bajo
STU0724,81.15,79.23,92.22,43.2,65.45,72.25,Regular,69.23,Satisfactorio
STU0725,72.56,55.97,99.44,60.67,68.79,71.49,Regular,69.25,Satisfactorio
STU0726,67.24,86.29,70.06,78.74,22.44,64.95,Bajo,58.88,Bajo
STU0727,70.28,61.96,85.17,77.45,73.16,73.6,Regular,62.56,Satisfactorio
STU0728,75.21,82.12,90.12,86.05,62.67,79.23,Bueno,78.08,Regular
STU0729,61.9,75.51,58.86,52,93.89,68.43,Regular,69.11,Satisfactorio
STU0730,58.33,97.57,62.72,35.26,70.29,64.83,Bajo,64.57,Satisfactorio
STU0731,72.94,66.65,88.46,82.87,52.17,72.62,Regular,71.89,Regular
STU0732,55.32,64.76,95.28,57.58,69.25,68.44,Regular,68.65,Satisfactorio
STU0733,76.12,69.71,78.44,39.72,54.31,63.66,Bajo,68.77,Satisfactorio
STU0734,44.46,65.45,56.8,72.18,77.1,63.2,Bajo,62.25,Satisfactorio
STU0735,85.44,82,99.81,81.9,74.36,84.7,Bueno,81.83,Bueno
STU0736,77.09,45.76,62.04,68.17,84.37,67.49,Regular,66.08,Satisfactorio
STU0737,73.84,54.19,64.97,63.13,58.14,62.85,Bajo,65.75,Satisfactorio
STU0738,84.74,53.98,75.14,67.61,70.51,70.4,Regular,77.46,Regular
STU0739,94.98,84.25,93.31,64.44,49.52,77.3,Bueno,74.16,Regular
STU0740,85.22,95.66,82.81,49.78,80.52,78.8,Bueno,79.29,Regular
STU0741,42.39,68.43,76.22,59.28,77.78,64.82,Bajo,66.51,Satisfactorio
STU0742,50.81,67.47,76.95,77.82,77.44,70.1,Regular,65.14,Satisfactorio
STU0743,60.63,71.05,70.65,74.83,70.02,69.44,Regular,69.54,Satisfactorio
STU0744,70.39,87.43,78.37,72.52,76.22,76.99,Bueno,69.66,Satisfactorio
STU0745,77.76,56.09,32.06,55.07,94.07,63.01,Bajo,54.16,Bajo
STU0746,59.11,73.58,65.55,67.28,65.72,66.25,Regular,68.08,Satisfactorio
STU0747,72.8,84.63,73.62,37.34,72.08,68.09,Regular,66.17,Satisfactorio
STU0748,58.67,77.52,52.73,72.68,53.71,63.06,Bajo,64.07,Satisfactorio
STU0749,60.83,72.84,75.79,91.43,56.98,71.57,Regular,71.48,Regular
STU0750,48.9,85.02,66.93,47.89,71.47,64.04,Bajo,59.16,Bajo
STU0751,56.15,29.45,96.33,61.21,86.56,65.94,Regular,65.71,Satisfactorio
STU0752,49.72,80.17,93.6,74.94,66.16,72.92,Regular,66.75,Satisfactorio
STU0753,55.36,60.19,63.01,88.79,66.46,66.76,Regular,73.72,Regular
STU0754,85.8,42.54,67.74,63.28,63.9,64.65,Bajo,57.87,Bajo
STU0755,55.76,77.67,68.89,59.62,61.98,64.78,Bajo,63.81,Satisfactorio
STU0756,100,90.6,63.23,40.47,74.42,73.74,Regular,68.53,Satisfactorio
STU0757,77.4,67.94,72.93,71.55,47.54,67.47,Regular,70.32,Regular
STU0758,72.77,84.29,58.63,100,89.21,80.98,Bueno,79.32,Regular
STU0759,57.12,94.18,53.04,74.16,60.02,67.7,Regular,65.11,Satisfactorio
STU0760,80.5,89.72,79.34,69.67,80.83,80.01,Bueno,84.28,Bueno
STU0761,61.37,94.6,79.44,74.83,50.95,72.24,Regular,72.39,Regular
STU0762,71.83,81.13,57.94,69.83,80.03,72.15,Regular,74.74,Regular
STU0763,100,71.13,83.43,57.8,80.08,78.49,Bueno,73.58,Regular
STU0764,68.56,45.97,60.53,82.35,75.76,66.63,Regular,59.61,Bajo
STU0765,87.24,66.31,73.8,73.39,55.08,71.16,Regular,71.7,Regular
STU0766,59.45,57.35,82.31,70.26,73.74,68.62,Regular,67.03,Satisfactorio
STU0767,69.48,100,69.5,55.37,52.25,69.32,Regular,72.45,Regular
STU0768,96.56,67.36,76.82,89.55,66.21,79.3,Bueno,78.9,Regular
STU0769,60.6,71.85,62.25,79.97,85.44,72.02,Regular,73.05,Regular
STU0770,97.19,78.27,67.05,61.71,81.95,77.23,Bueno,69.12,Satisfactorio
STU0771,80.62,70.65,66.91,85.03,70.23,74.69,Regular,84.13,Bueno
STU0772,61.56,95.43,58.8,62.54,55.38,66.74,Regular,65.92,Satisfactorio
STU0773,79.49,60.66,67.35,58.27,79.68,69.09,Regular,72.58,Regular
STU0774,84.59,72.92,46.77,58.6,70.29,66.63,Regular,62.45,Satisfactorio
STU0775,79.33,58.86,62.63,43.43,35.2,55.89,Bajo,57.43,Bajo
STU0776,46.45,50.2,65.73,77.07,81.74,64.24,Bajo,57.72,Bajo
STU0777,59.09,60.82,66.16,42.53,69.64,59.65,Bajo,61.91,Satisfactorio
STU0778,66.29,69.44,66.38,51.57,88.04,68.34,Regular,66.56,Satisfactorio
STU0779,68.88,63.56,69.07,38.87,53.57,58.79,Bajo,58.94,Bajo
STU0780,79.31,59.61,77.19,68.71,22.35,61.43,Bajo,64.92,Satisfactorio
STU0781,72.67,48.91,83.12,67.75,74.19,69.33,Regular,63.17,Satisfactorio
STU0782,49.97,68.75,60.25,65.1,74.37,63.69,Bajo,60.27,Satisfactorio
STU0783,75.7,47.43,51.95,54.36,44.64,54.82,Bajo,57.1,Bajo
STU0784,79.16,81.4,54.37,52.42,55.32,64.53,Bajo,75.03,Regular
STU0785,78.4,71.24,62.69,76.97,100,77.86,Bueno,77.17,Regular
STU0786,86.21,48.14,64.72,61.74,65.42,65.25,Regular,68.2,Satisfactorio
STU0787,82.51,65.36,58.45,74.75,80.96,72.41,Regular,71.87,Regular
STU0788,76.89,58.72,50.56,56.72,60.24,60.63,Bajo,70.34,Regular
STU0789,68.95,74.79,63.16,72.72,38.65,63.65,Bajo,54.92,Bajo
STU0790,45.09,90.11,72.72,89.55,67.45,72.98,Regular,73.46,Regular
STU0791,76.44,41.87,78.93,78.79,66.02,68.41,Regular,60.28,Satisfactorio
STU0792,73.12,71.73,61.64,63.81,64,66.86,Regular,54.33,Bajo
STU0793,74.07,67.6,63.81,73.86,68.28,69.52,Regular,71.01,Regular
STU0794,50.85,80.07,56.1,66.39,73.96,65.47,Regular,66.17,Satisfactorio
STU0795,53.78,73.2,69.53,70.12,67.75,66.88,Regular,65.45,Satisfactorio
STU0796,85.8,58.72,57.27,65.12,51.04,63.59,Bajo,63.06,Satisfactorio
STU0797,69.41,65.21,78.6,67.53,77.29,71.61,Regular,87.1,Bueno
STU0798,80.22,58.06,43.21,73.18,40.76,59.09,Bajo,57.8,Bajo
STU0799,70.42,86.14,64.61,55.1,39.24,63.1,Bajo,65.65,Satisfactorio
STU0800,70.45,70.32,74.52,54.76,81.09,70.23,Regular,66.98,Satisfactorio
STU0801,84.07,98.52,72.76,49.17,77.61,76.43,Bueno,77.9,Regular
STU0802,62.26,69.09,100,46,69.14,69.3,Regular,68.11,Satisfactorio
STU0803,71.44,59.37,75.25,51.74,49.07,61.37,Bajo,59.32,Bajo
STU0804,63.07,47.29,54.94,72.39,59.38,59.41,Bajo,68.51,Satisfactorio
STU0805,63.48,42.95,68.57,56.61,66.06,59.53,Bajo,65.42,Satisfactorio
STU0806,65.36,46.24,43.36,77.7,46.06,55.74,Bajo,56.43,Bajo
STU0807,73.33,74.01,68.79,70.52,58.91,69.11,Regular,57.59,Bajo
STU0808,62.82,77.63,57.5,40.47,79.78,63.64,Bajo,61.83,Satisfactorio
STU0809,88.84,46.28,83.73,79.82,91.41,78.02,Bueno,91.53,Excelente
STU0810,56.58,83.43,61.76,82.16,63.71,69.53,Regular,68.37,Satisfactorio
STU0811,67.2,62.75,68.25,55.09,81.35,66.93,Regular,72.44,Regular
STU0812,63.4,72.2,60.47,76.3,41.29,62.73,Bajo,69.94,Satisfactorio
STU0813,91.7,94.18,96.08,57.15,79.89,83.8,Bueno,84.89,Bueno
STU0814,72.95,83.45,65.18,71.47,57.94,70.2,Regular,65.99,Satisfactorio
STU0815,85.48,65.97,97.49,51.03,74.61,74.92,Regular,62.74,Satisfactorio
STU0816,47.72,56.63,82.21,43.1,66.28,59.19,Bajo,62.61,Satisfactorio
STU0817,74.01,37.72,77.23,64.26,89.81,68.61,Regular,64.53,Satisfactorio
STU0818,83.34,59.21,75.53,68.14,56.88,68.62,Regular,69.5,Satisfactorio
STU0819,71.23,66.83,75.91,64.03,79.41,71.48,Regular,65.23,Satisfactorio
STU0820,85.98,55.19,41.08,52.24,65.81,60.06,Bajo,58.73,Bajo
STU0821,62.24,68.03,65.82,64,67.63,65.54,Regular,65.71,Satisfactorio
STU0822,91.14,71.15,82.68,74.04,67.24,77.25,Bueno,78.59,Regular
STU0823,100,66.63,69.27,69.33,57.31,72.51,Regular,66.93,Satisfactorio
STU0824,64.56,60.25,48.92,72.74,69.79,63.25,Bajo,69.24,Satisfactorio
STU0825,63.32,72.53,69.21,59.95,69.06,66.81,Regular,63.83,Satisfactorio
STU0826,91.8,76.63,95.56,87.58,73.62,85.04,Bueno,76.67,Regular
STU0827,93.69,53.64,88.7,52.36,71.27,71.93,Regular,71.39,Regular
STU0828,62.16,91.16,69.07,77.31,81.97,76.33,Bueno,76.51,Regular
STU0829,63.7,68.52,84.27,87.73,83.85,77.61,Bueno,78.42,Regular
STU0830,65.77,70.28,64.5,77.21,54.24,66.4,Regular,73.21,Regular
STU0831,49.83,80.62,44.44,66.96,83.03,64.98,Bajo,63.79,Satisfactorio
STU0832,56.22,73.5,56.13,62.08,52.2,60.03,Bajo,59.43,Bajo
STU0833,54.94,84.3,93.44,85.54,78.82,79.41,Bueno,73.89,Regular
STU0834,58.48,74.31,65.89,48.66,79.3,65.33,Regular,69.43,Satisfactorio
STU0835,69.48,60.81,66.35,55.45,41.33,58.68,Bajo,59.61,Bajo
STU0836,73.51,75.42,65.5,64.04,71.39,69.97,Regular,67.87,Satisfactorio
STU0837,93.26,52.84,98.56,88.56,62.97,79.24,Bueno,69.71,Satisfactorio
STU0838,55.02,71.63,94.39,75.7,58.62,71.07,Regular,78.29,Regular
STU0839,84.76,69.5,100,55.48,90.26,80,Bueno,73.86,Regular
STU0840,66.79,66.88,67.61,65.35,60.19,65.36,Regular,62.41,Satisfactorio
STU0841,69.26,68.07,74.43,60.79,57.9,66.09,Regular,67.88,Satisfactorio
STU0842,80.12,41.77,47.25,59.35,71.14,59.93,Bajo,53.94,Bajo
STU0843,53.16,61.77,92.15,84.68,80.28,74.41,Regular,66.94,Satisfactorio
STU0844,75.74,71.39,52.48,49.42,67.88,63.38,Bajo,52.76,Bajo
STU0845,72.5,72.4,73.25,94.13,87.5,79.96,Bueno,83.56,Bueno
STU0846,77.39,54.58,53.54,82.42,77.96,69.18,Regular,66.45,Satisfactorio
STU0847,74.34,88.99,61.17,86.36,37.33,69.64,Regular,84.27,Bueno
STU0848,100,57.01,57.44,63.06,62.06,67.91,Regular,62.94,Satisfactorio
STU0849,60.43,84.54,60.88,67.75,61.57,67.03,Regular,62.43,Satisfactorio
STU0850,62.04,76.41,61.91,48.5,77.19,65.21,Regular,62.38,Satisfactorio
STU0851,60.65,60.31,61.78,62.13,30.63,55.1,Bajo,56.32,Bajo
STU0852,61.67,96.63,82.5,77.4,100,83.64,Bueno,81.29,Bueno
STU0853,60.44,52.1,53.43,89.44,77.97,66.68,Regular,69.74,Satisfactorio
STU0854,87.84,83.79,73.31,53.39,72.23,74.11,Regular,69.22,Satisfactorio
STU0855,91.31,85.01,88.27,64.52,87.72,83.37,Bueno,76.46,Regular
STU0856,61.44,59.94,62.3,67.73,100,70.28,Regular,61.29,Satisfactorio
STU0857,57.51,90.89,59.23,49.06,83.06,67.95,Regular,56.83,Bajo
STU0858,77.07,66.25,66.54,78.87,84.23,74.59,Regular,72,Regular
STU0859,61.72,74.33,87.7,59.14,71.96,70.97,Regular,69.47,Satisfactorio
STU0860,79.49,73.9,72.91,67.07,67.88,72.25,Regular,69.09,Satisfactorio
STU0861,73.04,67.99,62.03,63.22,62.86,65.83,Regular,72.05,Regular
STU0862,47.26,82.16,77.26,58.16,57.61,64.49,Bajo,70.63,Regular
STU0863,93.21,81.9,53.47,69.89,59.69,71.63,Regular,69.96,Satisfactorio
STU0864,96.94,43.77,80.22,66.77,49.74,67.49,Regular,58.52,Bajo
STU0865,60.81,89.57,76.13,64.42,68.86,71.96,Regular,69.12,Satisfactorio
STU0866,64.18,45.06,65.38,59.07,44.73,55.68,Bajo,52.68,Bajo
STU0867,74.29,85.49,57.42,74.79,72.86,72.97,Regular,69.68,Satisfactorio
STU0868,75.02,86.9,56.7,94.8,69.46,76.58,Bueno,73.09,Regular
STU0869,79.88,53.64,78.02,72.1,72.2,71.17,Regular,67.9,Satisfactorio
STU0870,100,63.84,88.43,84.94,62.17,79.88,Bueno,77.94,Regular
STU0871,67.35,53.41,60.44,49.15,100,66.07,Regular,62.89,Satisfactorio
STU0872,58.03,66.78,76.88,72.37,90.4,72.89,Regular,73.93,Regular
STU0873,49.31,65.38,38.69,53.54,51.33,51.65,Bajo,53.45,Bajo
STU0874,59.04,81.69,61.23,47.85,73.49,64.66,Bajo,60.11,Satisfactorio
STU0875,69.5,89.65,69.53,58.91,60.88,69.69,Regular,76.05,Regular
STU0876,96.92,90.94,56.35,87.88,54.78,77.37,Bueno,72.47,Regular
STU0877,62.24,61.57,55.95,84.25,49.9,62.78,Bajo,54.69,Bajo
STU0878,73.36,66.86,59.98,73.65,76.48,70.07,Regular,71.97,Regular
STU0879,69.75,44.75,74.38,47.01,59.78,59.13,Bajo,55.05,Bajo
STU0880,87.83,57.91,67.19,67.06,84.52,72.9,Regular,74.51,Regular
STU0881,100,84.47,36.43,74.53,84.91,76.07,Bueno,64.05,Satisfactorio
STU0882,62.04,94.23,38.19,72.63,90.61,71.54,Regular,78.5,Regular
STU0883,62.66,51.48,60.9,42.34,57.21,54.92,Bajo,58.28,Bajo
STU0884,85.66,61.11,76.87,56.65,77.13,71.48,Regular,63.98,Satisfactorio
STU0885,80.23,69.6,28.79,69.04,79.49,65.43,Regular,58.04,Bajo
STU0886,97.7,74.2,62.5,78.04,62.89,75.07,Bueno,83.43,Bueno
STU0887,78.76,57.86,62.11,37.06,58.42,58.84,Bajo,55.16,Bajo
STU0888,64.61,76.36,90.83,67.57,94.14,78.7,Bueno,74.53,Regular
STU0889,78.86,62.89,64.22,72.15,73.41,70.31,Regular,58.98,Bajo
STU0890,86.63,69.78,75.74,82.74,79.54,78.89,Bueno,77.13,Regular
STU0891,82.31,78.19,72.12,80.39,57.67,74.14,Regular,73,Regular
STU0892,77.61,70.1,38.04,78.74,51.71,63.24,Bajo,66.82,Satisfactorio
STU0893,86,63.45,81.52,58,61.46,70.09,Regular,63.09,Satisfactorio
STU0894,87.54,68.36,73.23,41.38,68.14,67.73,Regular,60.13,Satisfactorio
STU0895,90.73,68.67,77.62,64.1,54.04,71.03,Regular,73.29,Regular
STU0896,79.73,64.45,100,85.02,69.85,79.81,Bueno,84.84,Bueno
STU0897,67.49,66.12,38.74,90.9,44.67,61.58,Bajo,53.73,Bajo
STU0898,72.2,93.98,95.87,80.66,53.2,79.18,Bueno,84.59,Bueno
STU0899,88.1,78.41,65.69,76.44,80.06,77.74,Bueno,77.93,Regular
STU0900,57.75,65.57,74.31,75.69,79.06,70.48,Regular,75.94,Regular
STU0901,75.53,80.45,69.32,61.66,64.12,70.22,Regular,69.86,Satisfactorio
STU0902,64.1,64.99,63.64,68.05,54.73,63.1,Bajo,50.49,Insuficiente
STU0903,70.43,87.6,61.45,95.04,54.59,73.82,Regular,73.06,Regular
STU0904,89.18,75.54,74.94,55.86,64.4,71.98,Regular,77.28,Regular
STU0905,72.87,68.39,47.24,94.22,79.67,72.48,Regular,68.01,Satisfactorio
STU0906,70.7,76.72,81.26,65.17,83.92,75.55,Bueno,73.61,Regular
STU0907,49.6,46.44,63.76,89.88,62.55,62.45,Bajo,61.57,Satisfactorio
STU0908,81.19,53.1,53.05,48.9,52.7,57.79,Bajo,43.29,Insuficiente
STU0909,79.68,52.09,63.25,78.79,74.02,69.57,Regular,77.92,Regular
STU0910,100,72.14,88.86,58.95,57.65,75.52,Bueno,71.01,Regular
STU0911,65.38,95.99,61.97,48.77,62.23,66.87,Regular,69.4,Satisfactorio
STU0912,73.29,100,75.38,73.28,89.88,82.37,Bueno,81.93,Bueno
STU0913,73.74,79.57,59.04,85.14,82.41,75.98,Bueno,82.27,Bueno
STU0914,93.66,77.51,81.37,57.33,72.37,76.45,Bueno,78.48,Regular
STU0915,68.57,42.98,80.28,47.51,50.92,58.05,Bajo,56.88,Bajo
STU0916,74.19,61.86,97.73,68.62,73.17,75.11,Bueno,70.65,Regular
STU0917,79.12,58.18,67.37,68.69,85.94,71.86,Regular,75.85,Regular
STU0918,72.8,60.69,80.03,78.22,64.37,71.22,Regular,61.85,Satisfactorio
STU0919,63.3,67.48,71.47,84.24,90.27,75.35,Bueno,78.58,Regular
STU0920,72.91,62.92,89.44,69.11,89.39,76.75,Bueno,71.26,Regular
STU0921,86.1,40.31,59.22,97.83,94.96,75.68,Bueno,81.95,Bueno
STU0922,54.6,81.22,81.18,73.36,74.58,72.99,Regular,73.79,Regular
STU0923,71.99,53.91,67.08,64.8,78.81,67.32,Regular,70.54,Regular
STU0924,59.5,73.59,69.04,45.83,91.21,67.83,Regular,68.24,Satisfactorio
STU0925,87.93,100,71.38,66.06,76.71,80.42,Bueno,71.65,Regular
STU0926,47.15,56.21,73.78,64.95,62.48,60.91,Bajo,56.61,Bajo
STU0927,61.62,32.05,68.26,84.4,63.27,61.92,Bajo,65.28,Satisfactorio
STU0928,75.66,65.71,73.22,76.94,73.58,73.02,Regular,73.86,Regular
STU0929,93.48,86.51,93.67,52.31,50.64,75.32,Bueno,81.23,Bueno
STU0930,69.01,99.38,84.78,72.58,67.85,78.72,Bueno,80.74,Bueno
STU0931,61.67,51.56,83.04,80.07,86.45,72.56,Regular,67.72,Satisfactorio
STU0932,98.22,77.45,63.17,92.92,37.13,73.78,Regular,69.8,Satisfactorio
STU0933,48.28,63.02,56.66,83.31,93.02,68.86,Regular,69.37,Satisfactorio
STU0934,37.02,68.41,84.33,81.41,86.84,71.6,Regular,60.03,
STU0935,76.6,100,83.14,70.9,63.1,78.75,Bueno,87.12,Bueno
STU0936,62.47,47.46,92.09,75.82,78.15,71.2,Regular,73.41,Regular
STU0937,54.68,73.81,60.94,88.74,70.05,69.64,Regular,75.78,Regular
STU0938,80.63,77.02,66.56,50.01,88.45,72.53,Regular,64.63,Satisfactorio
STU0939,73.66,86.29,45.41,64.76,84.74,70.97,Regular,77.19,Regular
STU0940,61.54,71.47,64.11,58.41,49,60.91,Bajo,72.06,Regular
STU0941,50.8,74.62,84.95,75.69,78.81,72.97,Regular,66.37,Satisfactorio
STU0942,83.09,64.13,63,88.45,66.92,73.12,Regular,76.98,Regular
STU0943,79.75,74.04,79.61,61.05,71.24,73.14,Regular,73.14,Regular
STU0944,68.51,64.85,67.14,34.15,59.08,58.75,Bajo,51.02,Bajo
STU0945,97.7,79.32,74.86,63.82,96.22,82.38,Bueno,84.85,Bueno
STU0946,53.95,64.46,52.78,83.7,85.6,68.1,Regular,72.27,Regular
STU0947,47.12,75.66,71.28,78.06,58.9,66.2,Regular,63.2,Satisfactorio
STU0948,59.62,69.56,25.13,76.42,49.98,56.14,Bajo,61.97,Satisfactorio
STU0949,69.32,86.89,67.2,65.8,64.21,70.68,Regular,62.35,Satisfactorio
STU0950,73.65,69.23,45.54,50.81,76.52,63.15,Bajo,55.68,Bajo
STU0951,66.38,43.4,88.09,77.73,73.6,69.84,Regular,70.52,Regular
STU0952,75.28,88.93,81.66,57.49,88.8,78.43,Bueno,78.56,Regular
STU0953,51.23,56.41,77,100,81.85,73.3,Regular,69.72,Satisfactorio
STU0954,91.66,60.19,92.82,78.56,84.54,81.55,Bueno,85.6,Bueno
STU0955,68.77,61.07,55.77,61.29,74.9,64.36,Bajo,67.01,Satisfactorio
STU0956,86.76,90.62,96.21,60.83,49.16,76.72,Bueno,81.01,Bueno
STU0957,75.14,37.96,83.98,68.61,67.06,66.55,Regular,65.93,Satisfactorio
STU0958,76.85,100,66.45,66.41,85.9,79.12,Bueno,82.13,Bueno
STU0959,78.55,85.84,87.03,86.75,69.23,81.48,Bueno,79.25,Regular
STU0960,76.72,73.35,53.41,72.8,77.55,70.77,Regular,81.04,Bueno
STU0961,79.64,69.18,57.63,59.03,65.22,66.14,Regular,62.08,Satisfactorio
STU0962,89.94,74.28,60.87,98.36,54.55,75.6,Bueno,86.13,Bueno
STU0963,72.95,77.82,62.07,70.74,68.15,70.35,Regular,70.52,Regular
STU0964,80.64,79.68,54.15,81.53,74.64,74.13,Regular,67.25,Satisfactorio
STU0965,68.65,78.33,88.35,60.88,60.16,71.27,Regular,78.11,Regular
STU0966,91.6,71.34,66.12,75.45,66.46,74.19,Regular,74.82,Regular
STU0967,59.85,67.04,75.29,74.67,55.91,66.55,Regular,70.81,Regular
STU0968,97.01,67.73,61.44,41.66,86.79,70.93,Regular,77.05,Regular
STU0969,69.4,67.08,42.69,100,65.58,68.95,Regular,70.64,Regular
STU0970,48.54,87.01,74.05,89.36,91.79,78.15,Bueno,75.19,Regular
STU0971,71.92,78.9,41.32,64.04,92.93,69.82,Regular,74.7,Regular
STU0972,59.78,25.89,68.97,53.47,68.78,55.38,Bajo,55.38,Bajo
STU0973,82.61,79.84,49.48,75.21,54.87,68.4,Regular,71.83,Regular
STU0974,60.21,72.92,99.81,71.3,38.71,68.59,Regular,57.82,Bajo
STU0975,63.31,69.72,83.67,75.34,47.92,67.99,Regular,70.23,Regular
STU0976,41.66,64.17,71.59,72.87,49.39,59.94,Bajo,56.74,Bajo
STU0977,63.22,86.86,88.96,77.59,90.68,81.46,Bueno,89.73,Bueno
STU0978,33.64,84.21,57.31,91.71,71.74,67.72,Regular,70.84,Regular
STU0979,46.24,58.41,78.15,78.52,75.84,67.43,Regular,68.63,Satisfactorio
STU0980,81.41,76.11,73,54.26,36.69,64.29,Bajo,66.73,Satisfactorio
STU0981,81.79,55.43,73.96,90.44,52.03,70.73,Regular,65.74,Satisfactorio
STU0982,76.38,49.31,89.09,94.61,83.31,78.54,Bueno,86.66,Bueno
STU0983,55.5,60.6,80.99,100,74.3,74.28,Regular,84.23,Bueno
STU0984,69.28,82.94,74.33,53.15,67.79,69.5,Regular,71.46,Regular
STU0985,69.95,84.3,45.18,73.64,78.47,70.31,Regular,78.26,Regular
STU0986,52.62,77.7,55.6,38.77,94.54,63.85,Bajo,61,Satisfactorio
STU0987,92.55,80.88,68.16,78.3,66.68,77.31,Bueno,73.33,Regular
STU0988,83.16,77.74,71.4,61.78,71.04,73.02,Regular,73.23,Regular
STU0989,66.69,60.38,53.05,98.85,72.89,70.37,Regular,72.55,Regular
STU0990,70.4,76.48,100,58.38,100,81.05,Bueno,79.08,Regular
STU0991,73.13,82.01,92.75,44.66,38.51,66.21,Regular,68.9,Satisfactorio
STU0992,39.37,81.31,79.03,62.93,80.25,68.58,Regular,70.11,Regular
STU0993,66.29,87.83,71.08,40.37,68.28,66.77,Regular,61.78,Satisfactorio
STU0994,59.77,80.62,66.82,81.27,78.5,73.4,Regular,75.99,Regular
STU0995,54.98,75.27,55.72,39.02,60.14,57.03,Bajo,61.34,Satisfactorio
STU0996,65.78,86.05,71.16,70.43,69.27,72.54,Regular,73.4,Regular
STU0997,96.97,69.6,73.87,38.83,80.67,71.99,Regular,77.75,Regular
STU0998,79.61,56.77,51.37,65.2,100,70.59,Regular,64.5,Satisfactorio
STU0999,61.43,67.55,75.01,94.65,82.12,76.15,Bueno,78.49,Regular
STU1000,78.59,58.83,67.67,75.41,57.28,67.56,Regular,61.7,Satisfactorio
